country_clean,case_number,year,mining_case
Lebanon,ARB/26/22,2026,No
Ireland,ARB/26/21,2026,Yes
Colombia,ARB/26/20,2026,No
Mexico,ARB/26/19,2026,No
Australia,ARB/26/18,2026,No
Ukraine,ARB/26/17,2026,No
Romania,ARB/26/16,2026,No
Switzerland,ARB/26/15,2026,No
Tunisia,ARB/26/14,2026,Yes
Guinea,ARB/26/13,2026,Yes
Panama,ARB/26/12,2026,No
Serbia,ARB/26/11,2026,No
Kazakhstan,ARB/26/10,2026,Yes
Egypt,ARB/26/9,2026,No
Peru,ARB/26/8,2026,No
Burundi,ARB(AF)/26/2,2026,Yes
Argentina,ARB/26/7,2026,No
Canada,ARB/26/6,2026,Yes
Peru,ARB/26/5,2026,Yes
Switzerland,ARB/26/4,2026,No
Netherlands,ARB/26/2,2026,Yes
Guinea,ARB/26/3,2026,Yes
Switzerland,ARB/26/1,2026,No
Burundi,ARB(AF)/26/1,2026,Yes
Guinea,ARB/25/56,2025,Yes
Algeria,ARB/25/55,2025,No
Kenya,ARB/25/54,2025,No
"Venezuela, Bolivarian Republic of",ARB(AF)/25/6,2025,Yes
Colombia,ARB/25/53,2025,No
Romania,ARB/25/51,2025,No
Bangladesh,ARB/25/52,2025,No
Chile,ARB/25/50,2025,No
Mexico,ARB/25/49,2025,No
Guinea,ARB/25/48,2025,Yes
Ukraine,ARB/25/47,2025,No
Ecuador,ARB/25/46,2025,No
Cyprus,ARB/25/45,2025,No
Tanzania,ARB/25/44,2025,Yes
Tanzania,ARB/25/43,2025,Yes
"Tanzania, United Republic of",ARB/25/42,2025,Yes
Ukraine,ARB/25/41,2025,Yes
Turkmenistan,ARB/25/40,2025,Yes
Panama,ARB/25/39,2025,No
Ukraine,ARB/25/38,2025,Yes
United Kingdom,ARB/25/37,2025,Yes
Montenegro,ARB/25/36,2025,Yes
Uruguay,ARB/25/35,2025,No
Italy,ARB/25/34,2025,No
Costa Rica,ARB/25/33,2025,No
Mexico,ARB/25/32,2025,No
Paraguay,ARB/25/31,2025,No
Mexico,ARB/25/30,2025,Yes
Panama,ARB/25/29,2025,No
Ukraine,ARB/25/28,2025,No
Belgium,ARB(AF)/25/5,2025,No
Malaysia,ARB/25/27,2025,No
France,ARB/25/26,2025,No
"Moldova, Republic of",ARB/25/25,2025,No
Uzbekistan,ARB/25/24,2025,No
Senegal,ARB/25/23,2025,Yes
Morocco,ARB/25/22,2025,Yes
Angola,ARB/25/21,2025,No
Honduras,ARB(AF)/25/4,2025,No
Panama,ARB/25/20,2025,Yes
Ecuador,ARB/25/19,2025,Yes
Costa Rica,ARB(AF)/25/3,2025,No
"Venezuela, Bolivarian Republic of",ARB(AF)/25/2,2025,Yes
Myanmar,ARB(AF)/25/1,2025,Yes
Panama,ARB/25/18,2025,Yes
Mexico,ARB/25/17,2025,Yes
Colombia,ARB/25/16,2025,Yes
Comoros,ARB/25/15,2025,No
Peru,ARB/25/14,2025,No
Kazakhstan,ARB/25/13,2025,Yes
Ecuador,ARB/25/12,2025,Yes
Algeria,ARB/25/11,2025,No
Ukraine,ARB/25/10,2025,No
Niger,ARB/25/9,2025,Yes
Niger,ARB/25/8,2025,Yes
Mexico,ARB/25/7,2025,No
Togo,CONC/25/1,2025,No
El Salvador,ARB/25/6,2025,No
Colombia,ARB/25/5,2025,No
Colombia,ARB/25/4,2025,No
Congo,ARB/25/3,2025,Yes
Mali,ARB/25/2,2025,Yes
Niger,ARB/25/1,2025,Yes
Tunisia,ARB/24/52,2024,Yes
Peru,ARB/24/53,2024,No
Burkina Faso,ARB/24/51,2024,Yes
Canada,ARB/24/50,2024,Yes
Mexico,ARB/24/49,2024,No
Rwanda,ARB/24/48,2024,Yes
Côte d'Ivoire,ARB/24/47,2024,No
Türkiye,ARB/24/46,2024,No
Spain,ARB/24/45,2024,No
Netherlands,ARB/24/44,2024,Yes
Peru,ARB/24/43,2024,No
"Tanzania, United Republic of",ARB/24/42,2024,No
Philippines,ARB/24/41,2024,No
Mozambique,ARB/24/40,2024,Yes
Bangladesh,ARB/24/39,2024,Yes
Finland,ARB/24/38,2024,No
Finland,ARB/24/37,2024,No
South Sudan,ARB/24/36,2024,Yes
Ukraine,ARB/24/35,2024,No
Honduras,ARB/24/34,2024,No
Honduras,ARB/24/33,2024,No
Honduras,ARB/24/32,2024,No
Honduras,ARB/24/31,2024,No
Chile,ARB/24/30,2024,No
Peru,ARB/24/29,2024,Yes
Sudan,ARB/24/28,2024,No
Panama,ARB/24/27,2024,Yes
Poland,ARB(AF)/24/2,2024,No
Panama,ARB/24/26,2024,Yes
Colombia,ARB/24/25,2024,Yes
Honduras,ARB/24/24,2024,No
Spain,ARB/24/22,2024,Yes
Mexico,ARB/24/23,2024,Yes
Mexico,ARB/24/21,2024,Yes
Armenia,ARB/24/20,2024,Yes
Croatia,ARB/24/19,2024,Yes
Romania,ARB/24/18,2024,No
Trinidad and Tobago,ARB/24/17,2024,Yes
United Arab Emirates,ARB/24/16,2024,No
Belgium,ARB/24/15,2024,No
Uruguay,ARB/24/14,2024,No
Turkmenistan,ARB/24/13,2024,No
Panama,ARB/24/12,2024,Yes
Uruguay,ARB/24/11,2024,No
Serbia,ARB/24/10,2024,No
Peru,ARB/24/9,2024,Yes
Angola,ARB/24/8,2024,No
Belarus,ARB/24/7,2024,No
Hungary,ARB/24/6,2024,No
Mexico,ARB/24/5,2024,No
Mozambique,ARB/24/4,2024,Yes
Poland,ARB(AF)/24/1,2024,No
Colombia,ARB/24/3,2024,No
Bulgaria,ARB/24/2,2024,No
Ukraine,ARB/24/1,2024,No
United States,UNCT/23/4,2023,Yes
Mexico,ARB/23/53,2023,No
Netherlands,UNCT/23/3,2023,No
Argentina,ARB/23/52,2023,No
Belgium,ARB(AF)/23/3,2023,No
Senegal,ARB/23/51,2023,No
"Venezuela, Bolivarian Republic of",ARB(AF)/23/2,2023,No
Colombia,ARB/23/50,2023,Yes
Mexico,UNCT/22/1,2022,Yes
European Union,ARB(AF)/23/1,2023,Yes
Germany,ARB/23/49,2023,Yes
Denmark,ARB/23/48,2023,Yes
Germany,ARB/23/47,2023,No
Azerbaijan,ARB/23/46,2023,No
Georgia,ARB/23/45,2023,No
South Sudan,ARB/23/44,2023,No
Honduras,ARB/23/43,2023,No
Honduras,ARB/23/42,2023,No
Guatemala,CONC/23/1,2023,No
Panama,ARB/23/41,2023,No
Honduras,ARB/23/40,2023,No
Argentina,ARB/23/39,2023,No
Congo,ARB/23/38,2023,No
Peru,ARB/23/37,2023,No
Saudi Arabia,ARB/23/36,2023,No
North Macedonia,ARB/23/35,2023,No
Morocco,ARB/23/34,2023,No
Mexico,ARB/23/33,2023,No
Argentina,ARB/23/32,2023,No
North Macedonia,ARB/23/31,2023,No
Algeria,ARB/23/30,2023,No
Mexico,ARB/23/29,2023,No
Mexico,ARB/23/28,2023,Yes
"Venezuela, Bolivarian Republic of",ARB/23/27,2023,Yes
"Tanzania, United Republic of",ARB/23/26,2023,No
Mexico,ARB/23/25,2023,No
Mexico,ARB/23/24,2023,Yes
Georgia,ARB/23/23,2023,No
Mexico,ARB/23/22,2023,Yes
Cameroon,ARB/23/21,2023,No
Congo,ARB/23/20,2023,Yes
Nigeria,ARB/23/19,2023,Yes
Tunisia,ARB/23/18,2023,Yes
Honduras,ARB/23/17,2023,No
Costa Rica,ARB/23/16,2023,No
Mexico,ARB/23/15,2023,No
Canada,UNCT/23/2,2023,Yes
Viet Nam,ADM/23/1,2023,No
Italy,ARB/23/14,2023,No
Honduras,ARB/23/13,2023,No
Honduras,ARB/23/12,2023,No
Peru,ARB/23/11,2023,No
Mexico,UNCT/23/1,2023,No
Honduras,ARB/23/10,2023,No
Albania,ARB/23/9,2023,No
Trinidad and Tobago,ARB/23/8,2023,No
Norway,ARB/23/7,2023,No
Mexico,ARB/23/6,2023,No
Canada,ARB/23/5,2023,Yes
Mexico,ARB/23/4,2023,Yes
China,ADM/21/1,2020,Yes
Honduras,ARB/23/3,2023,No
Honduras,ARB/23/2,2023,No
Colombia,ARB/23/1,2023,No
Bahrain,ARB/22/34,2022,No
Slovenia,ARB/22/33,2022,No
Bulgaria,ARB/22/32,2022,No
Viet Nam,ARB(AF)/22/7,2022,No
Norway,ARB/22/31,2022,No
Peru,ARB/22/30,2022,No
Bulgaria,ARB/22/29,2022,Yes
Portugal,ARB/22/28,2022,No
Cameroon,ARB/22/27,2022,Yes
"Venezuela, Bolivarian Republic of",ARB(AF)/22/6,2022,No
Panama,ARB/22/26,2022,No
Kyrgyzstan,ARB/22/25,2022,Yes
Mexico,ARB/22/24,2022,No
Qatar,ARB/22/23,2022,No
France,ARB/22/22,2022,No
Slovenia,ARB/22/21,2022,Yes
Costa Rica,ARB(AF)/22/5,2022,No
"Moldova, Republic of",ARB(AF)/22/4,2022,Yes
"Venezuela, Bolivarian Republic of",ARB(AF)/22/3,2022,No
Saudi Arabia,ARB/22/20,2022,No
Canada,UNCT/20/6,2020,No
Peru,ARB/22/19,2022,Yes
Papua New Guinea,ARB/22/18,2022,No
Morocco,ARB/22/17,2022,No
Pakistan,ARB/22/16,2022,No
Romania,ARB/22/15,2022,No
"Venezuela, Bolivarian Republic of",ARB(AF)/22/2,2022,No
Serbia,ARB/22/14,2022,No
Dominican Republic,ARB(AF)/22/1,2022,No
Romania,ARB/22/13,2022,No
Spain,ARB/22/12,2022,No
Colombia,ARB/22/11,2022,Yes
Romania,ARB/22/10,2022,Yes
Slovenia,ARB/22/9,2022,No
Iraq,ARB/22/8,2022,No
Iraq,ARB/22/7,2022,No
Panama,UNCT/18/6,2018,No
Mexico,ARB/22/6,2022,No
Panama,ARB/22/5,2022,No
Bangladesh,ARB/22/4,2022,Yes
Ecuador,ARB/22/3,2022,Yes
Sweden,ARB/22/2,2022,No
Senegal,ARB/22/1,2022,No
Hungary,ARB/21/66,2021,No
Peru,ARB/21/65,2021,Yes
Guyana,ARB/21/64,2021,No
United States,ARB/21/63,2021,Yes
Mali,ARB/21/62,2021,Yes
Türkiye,ARB/21/61,2021,No
Peru,ARB/21/60,2021,No
Guatemala,ARB/21/59,2021,No
Congo,ARB/21/58,2021,Yes
Peru,ARB/21/57,2021,No
Guatemala,ARB/21/56,2021,No
Mexico,ARB/21/55,2021,No
Romania,ARB/21/54,2021,No
Congo,ARB/21/53,2021,Yes
Ukraine,ARB/21/52,2021,No
Slovakia,ARB/21/51,2021,Yes
Egypt,ARB/21/50,2021,No
Costa Rica,ARB/21/49,2021,No
Pakistan,ARB/21/48,2021,No
Sudan,ARB/21/47,2021,No
El Salvador,ARB/21/46,2021,No
Peru,ARB/21/45,2021,No
Morocco,ARB/21/44,2021,No
Spain,ARB/21/43,2021,No
Cambodia,ARB/21/42,2021,No
Peru,ARB/21/41,2021,No
Chile,ARB/21/40,2021,No
Spain,ARB/21/39,2021,No
Mali,ARB/21/38,2021,Yes
Grenada,ARB/21/37,2021,No
Malta,ARB/21/36,2021,No
Egypt,ARB/21/35,2021,No
Panama,ARB/21/34,2021,No
Türkiye,ARB/21/33,2021,Yes
Uzbekistan,ARB/21/32,2021,No
Colombia,ARB/21/31,2021,Yes
Colombia,ARB/21/30,2021,Yes
Peru,ARB/21/29,2021,No
Peru,ARB/21/28,2021,No
Chile,ARB/21/27,2021,No
Germany,ARB/21/26,2021,No
Mexico,ARB/21/25,2021,Yes
Congo,ARB/21/24,2021,Yes
Turkmenistan,ARB/21/23,2021,No
Netherlands,ARB/21/22,2021,No
Egypt,ARB/21/21,2021,No
Turkmenistan,ARB/21/20,2021,No
United Arab Emirates,ARB/21/19,2021,No
Burkina Faso,ARB/21/18,2021,Yes
Armenia,ARB/21/17,2021,No
Nicaragua,ARB/21/16,2021,No
Ukraine,ARB/21/15,2021,Yes
Mexico,ARB/21/14,2021,Yes
Serbia,ARB/21/13,2021,No
United States,ARB/21/12,2021,No
United States,ARB/21/11,2021,No
Peru,ARB/21/10,2021,No
Mauritania,ARB/21/9,2021,Yes
Mongolia,ARB/21/8,2021,Yes
Nigeria,ARB/21/7,2021,Yes
"Tanzania, United Republic of",ARB/21/6,2021,Yes
Serbia,ARB/21/5,2021,No
Netherlands,ARB/21/4,2021,No
Ukraine,ARB/21/3,2021,No
Belarus,ARB/21/2,2021,No
Peru,ARB/21/1,2021,No
Albania,ARB/20/54,2020,No
Kuwait,ARB/20/53,2020,No
Canada,ARB/20/52,2020,No
Peru,ARB/20/51,2020,Yes
Kosovo,ARB/20/50,2020,No
Croatia,ARB/20/49,2020,No
Guatemala,ARB/20/48,2020,No
"Venezuela, Bolivarian Republic of",ARB(AF)/20/3,2020,No
Spain,ARB/20/47,2020,No
Peru,ARB/20/46,2020,Yes
Egypt,ARB/20/45,2020,No
Georgia,ARB/20/44,2020,No
Croatia,ARB/20/43,2020,No
Iraq,ARB/20/42,2020,No
Nigeria,ARB/20/41,2020,Yes
Sudan,ARB/20/40,2020,No
Italy,ARB/20/39,2020,No
"Tanzania, United Republic of",ARB/20/38,2020,Yes
Albania,ARB/20/37,2020,No
Türkiye,ARB/20/36,2020,Yes
Romania,ARB/20/35,2020,No
China,ARB/20/34,2020,No
Czechia,ARB/20/33,2020,No
Turkmenistan,ARB/20/32,2020,No
Poland,ADHOC/15/1,2015,No
Panama,ARB/20/31,2020,No
Costa Rica,ARB(AF)/20/2,2020,No
Denmark,ARB/20/30,2020,No
Switzerland,ARB/20/29,2020,No
Georgia,ARB/20/28,2020,No
Papua New Guinea,ARB/20/27,2020,Yes
South Korea,ARB/20/26,2020,No
"Tanzania, United Republic of",ARB/20/25,2020,Yes
Benin,ARB/20/24,2020,No
Papua New Guinea,CONC/20/1,2020,Yes
Mexico,ARB/20/23,2020,No
Mexico,UNCT/20/2,2020,No
China,ARB/20/22,2020,No
Iraq,ARB/20/21,2020,No
Azerbaijan,ARB/20/20,2020,Yes
Panama,ARB/20/19,2020,No
Peru,ARB/20/18,2020,No
Mexico,UNCT/20/1,2019,Yes
Zambia,ARB/20/17,2020,Yes
Colombia,ARB/20/16,2020,No
Romania,ARB/20/15,2020,No
Peru,ARB/20/14,2020,Yes
Canada,UNCT/20/3,2019,Yes
Mexico,ARB/20/13,2020,No
Serbia,ARB/20/12,2020,No
Dominican Republic,ARB(AF)/20/1,2020,Yes
Norway,ARB/20/11,2020,No
Panama,ARB/20/10,2020,No
Colombia,ARB/20/9,2020,Yes
Peru,ARB/20/8,2020,Yes
Colombia,ARB/20/7,2020,No
Croatia,ARB/20/6,2020,No
Georgia,ARB/20/5,2020,No
Peru,ARB/20/4,2020,Yes
Italy,ARB/20/3,2020,No
Cameroon,ARB/20/2,2020,No
Algeria,ARB/20/1,2020,No
Croatia,ARB/19/35,2019,No
Colombia,ARB/19/34,2019,Yes
Croatia,ARB/19/33,2019,No
Saudi Arabia,ARB/19/32,2019,No
Sierra Leone,ARB/19/31,2019,Yes
"Venezuela, Bolivarian Republic of",ARB(AF)/19/3,2019,Yes
Spain,ARB/19/30,2019,No
Germany,ARB/19/29,2019,No
Peru,ARB/19/28,2019,No
Egypt,ARB/19/27,2019,Yes
Mexico,ARB/19/26,2019,No
Argentina,ARB/19/25,2019,No
Congo,ARB/19/24,2019,No
Spain,ARB/19/23,2019,No
"Venezuela, Bolivarian Republic of",ARB(AF)/19/2,2019,No
Colombia,ARB/19/22,2019,No
Romania,ARB/19/21,2019,Yes
Kuwait,ARB/19/20,2019,No
Peru,ARB/19/19,2019,No
Bangladesh,ARB/19/18,2019,Yes
"Tanzania, United Republic of",ARB/19/17,2019,No
Cameroon,CONC/19/1,2019,No
Uruguay,ARB/19/16,2019,No
Nepal,ARB/19/15,2019,No
Morocco,ARB/19/14,2019,No
Costa Rica,ARB/19/13,2019,No
Serbia,ARB/19/12,2019,Yes
Argentina,ARB/19/11,2019,No
United Arab Emirates,ARB/19/10,2019,No
North Macedonia,ARB/19/9,2019,Yes
"Tanzania, United Republic of",ARB/19/8,2019,No
Egypt,ARB/19/7,2019,Yes
Colombia,ARB/19/6,2019,No
Panama,ARB/19/5,2019,No
Spain,ARB/19/4,2019,No
Tajikistan,ARB(AF)/19/1,2019,No
Mexico,UNCT/18/4,2018,Yes
Rwanda,ARB/19/3,2019,No
Morocco,ARB/19/2,2019,No
Mexico,ARB/19/1,2019,Yes
"Venezuela, Bolivarian Republic of",ARB/18/49,2018,No
Peru,ARB/18/48,2018,No
Bulgaria,ARB/18/47,2018,No
Türkiye,ARB/18/46,2018,Yes
Spain,ARB/18/45,2018,No
Algeria,ARB/18/44,2018,No
Guatemala,ARB/18/43,2018,Yes
Mexico,UNCT/18/5,2018,No
Spain,ARB/18/42,2018,No
"Venezuela, Bolivarian Republic of",ARB(AF)/18/6,2018,No
Cyprus,ARB/18/41,2018,No
Honduras,ARB/18/40,2018,No
Dominican Republic,UNCT/18/3,2018,No
Sri Lanka,ARB/18/39,2018,No
Qatar,ARB/18/38,2018,No
Lithuania,ARB/18/37,2018,No
Gabon,ARB/18/36,2018,No
Turkmenistan,ARB/18/35,2018,No
Turkmenistan,ARB/18/34,2018,No
Spain,ARB/18/33,2018,No
Kazakhstan,ARB/18/32,2018,No
Egypt,ARB/18/31,2018,No
Colombia,UNCT/18/1,2017,No
Romania,ARB/18/30,2018,No
Morocco,ARB/18/29,2018,Yes
"Bolivia, Plurinational State of",ARB(AF)/18/5,2018,No
Georgia,ADM/18/1 and SCC Case No. V2018/039,2018,No
Turkmenistan,ARB(AF)/18/4,2018,No
Armenia,ARB/18/28,2018,No
Peru,ARB/18/27,2018,No
Peru,ARB/18/26,2018,Yes
Peru,UNCT/18/2,2016,No
Spain,ARB/18/25,2018,No
Senegal,ARB/18/24,2018,Yes
Colombia,ARB/18/23,2018,Yes
Egypt,ARB/18/22,2018,Yes
Rwanda,ARB/18/21,2018,Yes
Italy,ARB/18/20,2018,No
Romania,ARB/18/19,2018,No
Türkiye,ARB/18/18,2018,Yes
Peru,ARB/18/17,2018,No
Togo,ARB/18/16,2018,No
Bangladesh,ARB/18/15,2018,No
Saudi Arabia,ARB/18/14,2018,No
Colombia,ARB/18/13,2018,Yes
Colombia,ARB/18/12,2018,Yes
"Venezuela, Bolivarian Republic of",ARB(AF)/18/3,2018,No
Algeria,ARB/18/11,2018,No
Gabon,CONC/18/1,2018,No
Gambia,ARB/18/10,2018,No
Belarus,ARB/18/9,2018,No
Serbia,ARB/18/8,2018,No
Viet Nam,ARB(AF)/18/2,2018,No
Morocco,ARB/18/7,2018,Yes
Azerbaijan,ARB/18/6,2018,No
Colombia,ARB/18/5,2018,No
Turkey,ARB/18/4,2018,No
Colombia,ARB/18/3,2018,No
Kuwait,ARB/18/2,2018,No
Bulgaria,ARB/18/1,2018,No
Belarus,ARB(AF)/18/1,2018,No
Croatia,ARB/17/49,2017,No
Côte d'Ivoire,ARB/17/48,2017,No
Latvia,ARB/17/47,2017,No
North Macedonia,ARB/17/46,2017,No
Hungary,ARB/17/45,2017,No
Nicaragua,ARB/17/44,2017,Yes
Saudi Arabia,ARB/17/43,2017,No
Saudi Arabia,ARB/17/42,2017,No
Spain,ARB/17/41,2017,No
Gambia,ARB/17/40,2017,Yes
Gambia,ARB/17/39,2017,Yes
Gambia,ARB/17/38,2017,Yes
Croatia,ARB/17/37,2017,No
Armenia,ARB/17/36,2017,No
"Venezuela, Bolivarian Republic of",ARB(AF)/17/4,2017,No
Montenegro,ARB/17/35,2017,No
Mexico,ARB(AF)/17/3,2017,No
Croatia,ARB/17/34,2017,No
"Tanzania, United Republic of",ARB/17/33,2017,No
Croatia,ARB/17/32,2017,No
Egypt,ARB/17/31,2017,No
Turkmenistan,ARB/17/30,2017,No
Georgia,ARB/17/29,2017,No
Mexico,ARB(AF)/17/2,2017,No
Madagascar,ARB/17/28,2017,No
Hungary,ARB/17/27,2017,No
Papua New Guinea,ARB/17/26,2017,Yes
Kosovo,ARB/17/25,2017,No
Uzbekistan,ARB/17/24,2017,No
Mozambique,ARB/17/23,2017,No
Kazakhstan,ARB/17/22,2017,Yes
Belgium,ARB/17/21,2017,No
United Arab Emirates,ARB/17/20,2017,No
Mexico,UNCT/17/1,2016,No
China,ARB/17/19,2017,No
Madagascar,ARB/17/18,2017,No
Argentina,ARB/17/17,2017,No
Chile,ARB/17/16,2017,No
Spain,ARB/17/15,2017,No
Italy,ARB/17/14,2017,Yes
Grenada,ARB/17/13,2017,No
Panama,ARB/17/12,2017,No
Czechia,ARB/17/11,2017,No
Laos,ADHOC/17/1,2017,No
Iraq,ARB/17/10,2017,No
Peru,ARB/17/9,2017,No
Kuwait,ARB/17/8,2017,No
Iraq,ARB/17/7,2017,No
Albania,ARB/17/6,2017,No
Latvia,ARB/17/5,2017,No
Greece,ARB/17/4,2017,No
Peru,ARB/17/3,2017,No
Serbia,ARB/17/2,2017,No
Algeria,ARB/17/1,2017,No
"Venezuela, Bolivarian Republic of",ARB(AF)/17/1,2017,No
Panama,ARB/16/42,2016,No
Colombia,ARB/16/41,2016,Yes
"Venezuela, Bolivarian Republic of",ARB/16/40,2016,No
Italy,ARB/16/39,2016,No
Latvia,ARB/16/38,2016,No
Egypt,ARB/16/37,2016,No
Bosnia and Herzegovina,ARB/16/36,2016,No
Ukraine,ARB/16/35,2016,Yes
Panama,ARB/16/34,2016,No
Peru,ARB/16/33,2016,No
Colombia,ARB(AF)/16/5,2016,No
Mauritius,ARB/16/32,2016,No
Croatia,ARB/16/31,2016,No
Kyrgyzstan,ARB(AF)/16/4,2016,No
Turkmenistan,ARB/16/30,2016,No
Lebanon,ARB/16/29,2016,No
Croatia,ARB/16/28,2016,No
Spain,ARB/16/27,2016,No
Mexico,ARB(AF)/16/3,2016,No
Indonesia,ARB/16/26,2016,No
Sri Lanka,ARB/16/25,2016,No
Bulgaria,ARB/16/24,2016,No
"Venezuela, Bolivarian Republic of",ARB/16/23,2016,No
Philippines,ARB/16/22,2016,Yes
United States,ARB/16/21,2016,Yes
Greece,ARB/16/20,2016,No
Romania,ARB/16/19,2016,No
Spain,ARB/16/18,2016,No
Spain,ARB/16/17,2016,No
Canada,ARB/16/16,2016,No
Canada,UNCT/02/1,2000,No
Laos,ARB(AF)/16/2,2016,No
Albania,CONC/16/1,2016,No
"Venezuela, Bolivarian Republic of",ARB(AF)/16/1,2016,No
Ghana,ARB/16/15,2016,Yes
Hungary,ARB/16/14,2016,Yes
Panama,ARB/16/13,2016,Yes
Canada,UNCT/07/1,2006,No
Kazakhstan,ARB/16/12,2016,Yes
Côte d'Ivoire,ARB/16/11,2016,No
Serbia,ARB/16/10,2016,No
Uruguay,ARB/16/9,2016,No
"Moldova, Republic of",ARB/16/8,2016,No
Oman,ARB/16/7,2016,Yes
Colombia,ARB/16/6,2016,Yes
Italy,ARB/16/5,2016,No
Spain,ARB/16/4,2016,No
Lithuania,ARB/16/3,2016,No
Egypt,ARB/16/2,2016,No
Egypt,ARB/16/1,2016,No
Mexico,ARB(AF)/15/2,2015,No
Italy,ARB/15/50,2015,No
Cyprus,ARB/15/49,2015,No
Argentina,ARB/15/48,2015,No
Egypt,ARB/15/47,2015,No
Guinea,ARB/15/46,2015,Yes
Spain,ARB/15/45,2015,No
Spain,ARB/15/44,2015,No
Bulgaria,ARB/15/43,2015,No
Spain,ARB/15/42,2015,No
"Tanzania, United Republic of",ARB/15/41,2015,No
Italy,ARB/15/40,2015,No
Argentina,ARB/15/39,2015,No
Costa Rica,UNCT/15/3,2014,No
Spain,ARB/15/38,2015,No
Italy,ARB/15/37,2015,No
Spain,ARB/15/36,2015,No
Spain,ARB/15/35,2015,No
Spain,ARB/15/34,2015,No
Ukraine,ARB/15/33,2015,No
Austria,ARB/15/32,2015,No
Romania,ARB/15/31,2015,Yes
Libya,ARB(AF)/15/1,2015,No
Oman,ARB/15/30,2015,No
Kenya,ARB/15/29,2015,Yes
Albania,ARB/15/28,2015,No
Spain,ARB/15/27,2015,No
Turkey,ARB/15/26,2015,Yes
Spain,ARB/15/25,2015,No
Jordan,ARB/15/24,2015,No
Spain,ARB/15/23,2015,No
Kosovo,ARB/15/22,2015,No
Senegal,ARB/15/21,2015,No
Spain,ARB/15/20,2015,No
Bulgaria,ARB/15/19,2015,No
Cameroon,ARB/15/18,2015,No
South Korea,ARB/15/17,2015,Yes
Spain,ARB/15/16,2015,No
Spain,ARB/15/15,2015,No
Canada,UNCT/15/2,2013,Yes
Panama,ARB/15/14,2015,No
Kazakhstan,ARB/15/13,2015,No
Cabo Verde,ARB/15/12,2015,No
Czechia,UNCT/15/1,2015,No
Uganda,ARB/15/11,2015,Yes
Jordan,ARB/15/10,2015,No
Ukraine,ARB/15/9,2015,Yes
Kazakhstan,ARB/15/8,2015,Yes
Kenya,ARB/15/7,2015,No
United States,UNCT/10/2,2008,No
Canada,UNCT/10/1,2010,No
Canada,ARB/15/6,2015,Yes
Croatia,ARB/15/5,2015,No
Spain,ARB/15/4,2015,No
Lebanon,ARB/15/3,2015,No
Timor-Leste,ARB/15/2,2015,Yes
Spain,ARB/15/1,2015,No
Turkey,ARB/14/35,2014,No
Spain,ARB/14/34,2014,No
Panama,ARB/14/33,2014,No
Argentina,ARB/14/32,2014,No
Burundi,ARB/14/31,2014,Yes
Croatia,ARB/12/39,2012,No
Yemen,ARB/14/30,2014,No
Romania,ARB/14/29,2014,No
Romania,ARB/14/28,2014,No
Serbia,ARB/14/27,2014,No
Albania,ARB/14/26,2014,No
China,ARB/14/25,2014,No
Bangladesh,ARB/10/18,2010,Yes
Estonia,ARB/14/24,2014,No
Mauritania,ARB/14/23,2014,Yes
Pakistan,ARB/12/1,2012,Yes
Mexico,ARB(AF)/00/2,2000,No
Guinea,ARB/14/22,2014,Yes
Peru,ARB/14/21,2014,Yes
Hungary,ARB/14/20,2014,No
Senegal,ARB/14/19,2014,No
Spain,ARB/14/18,2014,No
Dominican Republic,ARB(AF)/14/3,2014,Yes
Ukraine,ARB/14/17,2014,No
Greece,ARB/14/16,2014,No
Indonesia,ARB/14/15,2014,Yes
Slovakia,ARB/14/14,2014,Yes
Mozambique,ARB(AF)/14/2,2014,No
Bosnia and Herzegovina,ARB/14/13,2014,No
Canada,UNCT/14/2,2013,No
Spain,ARB/14/12,2014,No
Spain,ARB/14/11,2014,No
"Venezuela, Bolivarian Republic of",ARB/14/10,2014,Yes
Ukraine,ARB/14/9,2014,No
"Venezuela, Bolivarian Republic of",ARB(AF)/14/1,2014,Yes
Montenegro,ARB/14/8,2014,Yes
Gambia,ARB/14/7,2014,Yes
Gambia,ARB/14/6,2014,Yes
Costa Rica,ARB/14/5,2014,Yes
Egypt,ARB/14/4,2014,Yes
Italy,ARB/14/3,2014,No
Sudan,ARB/14/2,2014,No
Spain,ARB/14/1,2014,No
Jordan,ARB/13/38,2013,No
Egypt,ARB/13/37,2013,No
Spain,ARB/13/36,2013,No
Hungary,ARB/13/35,2013,No
Madagascar,ARB/13/34,2013,No
Papua New Guinea,ARB/13/33,2013,Yes
Croatia,ARB/13/32,2013,Yes
Spain,ARB/13/31,2013,No
Spain,ARB/13/30,2013,No
Egypt,ARB/13/29,2013,No
Mexico,ARB(AF)/13/2,2013,No
Costa Rica,UNCT/13/2,2013,No
Panama,ARB/13/28,2013,No
Cyprus,ARB/13/27,2013,No
Uzbekistan,ARB/13/26,2013,No
Uganda,ARB/13/25,2013,Yes
Peru,ARB/13/24,2013,No
Egypt,ARB/13/23,2013,No
France,ARB/13/22,2013,No
Hungary,ARB/13/21,2013,No
Nigeria,ARB/13/20,2013,Yes
Uzbekistan,ARB/13/19,2013,No
Peru,UNCT/13/1,2011,Yes
El Salvador,ARB/13/18,2013,No
Bulgaria,ARB/13/17,2013,No
Mali,ARB/13/16,2013,Yes
Tunisia,ARB/13/15,2013,Yes
Cameroon,ARB/13/14,2013,Yes
Kazakhstan,ARB/13/13,2013,Yes
Croatia,ARB/13/12,2013,No
"Venezuela, Bolivarian Republic of",ARB/13/11,2013,No
Slovenia,ARB/13/10,2013,No
Uzbekistan,ARB/13/9,2013,Yes
Burundi,ARB/13/7,2013,No
Greece,ARB/13/8,2013,No
Uzbekistan,ARB/13/6,2013,No
Kyrgyzstan,ARB(AF)/13/1,2013,Yes
Egypt,ARB/13/5,2013,No
Egypt,ARB/13/4,2013,No
Egypt,ARB/13/3,2013,No
Costa Rica,ARB/13/2,2013,Yes
Pakistan,ARB/13/1,2013,No
Indonesia,ARB/12/40 and 12/14,2012,Yes
Argentina,ARB/12/38,2012,Yes
South Korea,ARB/12/37,2012,No
Montenegro,ARB(AF)/12/8,2012,No
Guinea,ARB/12/36,2012,No
Algeria,ARB/12/35,2012,No
Uzbekistan,ARB(AF)/12/7,2012,No
Uganda,ARB/12/34,2012,Yes
Latvia,ARB/12/33,2012,No
Algeria,ARB/12/32,2012,No
North Macedonia,ARB/12/31,2012,No
Tunisia,ARB/12/30,2012,Yes
Belgium,ARB/12/29,2012,No
Laos,ARB(AF)/12/6,2012,No
Peru,ARB/12/28,2012,Yes
Georgia,ARB/12/27,2012,No
South Sudan,ARB/12/26,2012,Yes
Romania,ARB/12/25,2012,No
"Venezuela, Bolivarian Republic of",ARB/12/24,2012,No
"Venezuela, Bolivarian Republic of",ARB/12/23,2012,No
"Venezuela, Bolivarian Republic of",ARB/12/22,2012,No
"Venezuela, Bolivarian Republic of",ARB/12/21,2012,No
"Venezuela, Bolivarian Republic of",ARB/12/20,2012,No
"Venezuela, Bolivarian Republic of",ARB/12/19,2012,No
"Venezuela, Bolivarian Republic of",ARB(AF)/12/5,2012,Yes
"Venezuela, Bolivarian Republic of",ARB/12/18,2012,No
Spain,ARB/12/17,2012,No
Bulgaria,ARB/12/16,2012,No
United States,CONC(AF)/12/2,2012,Yes
Egypt,ARB/12/15,2012,No
Indonesia,ARB/12/14 and 12/40,2012,Yes
Mexico,ARB(AF)/12/4,2012,No
"Venezuela, Bolivarian Republic of",ARB/12/13,2012,No
Germany,ARB/12/12,2012,No
Egypt,ARB/12/11,2012,Yes
Canada,ARB(AF)/12/3,2012,No
Equatorial Guinea,CONC(AF)/12/1,2012,Yes
Saint Lucia,ARB/12/10,2012,Yes
Hungary,ARB/12/9,2012,No
Guinea,ARB/12/8,2012,No
Slovakia,ARB/12/7,2012,Yes
Turkmenistan,ARB/12/6,2012,No
Equatorial Guinea,ARB(AF)/12/2,2012,No
United States,ARB(AF)/12/1,2012,No
Peru,ARB/12/5,2012,No
Costa Rica,ARB/12/4,2012,No
Hungary,ARB/12/3,2012,No
Hungary,ARB/12/2,2012,No
Oman,ARB/11/33,2011,Yes
Egypt,ARB/11/32,2011,No
"Venezuela, Bolivarian Republic of",ARB/11/31,2011,No
"Venezuela, Bolivarian Republic of",ARB/11/30,2011,No
Guinea,ARB/11/29,2011,No
Turkey,ARB/11/28,2011,No
Philippines,ARB/11/27,2011,No
Turkmenistan,ARB(AF)/11/4,2011,No
"Venezuela, Bolivarian Republic of",ARB/11/26,2011,No
"Venezuela, Bolivarian Republic of",ARB/11/25,2011,No
Cameroon,CONC/11/1,2011,Yes
Albania,ARB/11/24,2011,Yes
"Moldova, Republic of",ARB/11/23,2011,No
Hungary,ARB/11/22,2011,No
Peru,ARB/11/21,2011,No
Turkmenistan,ARB/11/20,2011,No
"Venezuela, Bolivarian Republic of",ARB/11/19,2011,No
Albania,ARB/11/18,2011,No
Peru,ARB/11/17,2011,No
Egypt,ARB/11/16,2011,No
China,ARB/11/15,2011,No
Liberia,ARB/11/14,2011,Yes
Indonesia,ARB/11/13,2011,No
Philippines,ARB/11/12,2011,No
Poland,ARB(AF)/11/3,2011,No
Niger,ARB/11/11,2011,No
"Venezuela, Bolivarian Republic of",ARB/11/10,2011,Yes
Peru,ARB/11/9,2011,No
Pakistan,ARB/11/8,2011,No
Egypt,ARB/11/7,2011,Yes
Egypt,ARB/11/6,2011,No
"Venezuela, Bolivarian Republic of",ARB(AF)/11/2,2011,Yes
"Venezuela, Bolivarian Republic of",ARB/11/5,2011,No
"Venezuela, Bolivarian Republic of",ARB(AF)/11/1,2011,Yes
Serbia,ARB/11/4,2011,No
Bulgaria,ARB/11/3,2011,No
Kazakhstan,ARB/11/2,2011,Yes
"Venezuela, Bolivarian Republic of",ARB/11/1,2011,Yes
Zimbabwe,ARB/10/25,2010,No
Turkmenistan,ARB/10/24,2010,No
Guatemala,ARB/10/23,2010,No
Romania,ARB/10/22,2010,No
Congo,ARB/10/21,2010,Yes
Tanzania,ARB/10/20,2010,No
Poland,ARB(AF)/10/1,2010,No
"Venezuela, Bolivarian Republic of",ARB/10/19,2010,No
Peru,ARB/10/17,2010,No
Kazakhstan,ARB/10/16,2010,No
Zimbabwe,ARB/10/15,2010,No
"Venezuela, Bolivarian Republic of",ARB/10/14,2010,Yes
Romania,ARB/10/13,2010,No
"Tanzania, United Republic of",ARB/10/12,2010,No
Bangladesh,ARB/10/11,2010,Yes
Rwanda,ARB/10/10,2010,No
"Venezuela, Bolivarian Republic of",ARB/10/9,2010,Yes
"Bolivia, Plurinational State of",ARB/10/8,2010,Yes
Uruguay,ARB/10/7,2010,No
Grenada,ARB/10/6,2010,Yes
"Venezuela, Bolivarian Republic of",ARB/10/5,2010,No
Congo,ARB/10/4,2010,No
Uzbekistan,ARB/10/3,2010,No
Peru,ARB/10/2,2010,No
Turkmenistan,ARB/10/1,2010,No
Ecuador,ARB/09/23,2009,No
Georgia,ARB/09/22,2009,Yes
Serbia,ARB/09/21,2009,No
Mexico,ARB(AF)/09/2,2009,No
Costa Rica,ARB/09/20,2009,No
"Venezuela, Bolivarian Republic of",ARB(AF)/09/1,2009,Yes
Gambia,ARB/09/19,2009,Yes
Cambodia,ARB/09/18,2009,No
El Salvador,ARB/09/17,2009,Yes
North Macedonia,ARB/09/16,2009,No
Egypt,ARB/09/15,2009,No
Algeria,ARB/09/14,2009,Yes
Jordan,ARB/09/13,2009,No
El Salvador,ARB/09/12,2009,Yes
Ukraine,ARB/09/11,2009,No
North Macedonia,ARB/09/10,2009,No
Turkmenistan,ARB/09/9,2009,No
Kazakhstan,ARB/09/8,2009,No
Yemen,ARB/09/7,2009,No
Germany,ARB/09/6,2009,No
Guatemala,ARB/09/5,2009,No
Honduras,ARB/09/4,2009,No
"Venezuela, Bolivarian Republic of",ARB/09/3,2009,No
Sri Lanka,ARB/09/2,2009,No
Argentina,ARB/09/1,2009,No
Senegal,ARB/08/20,2008,No
Georgia,ARB/08/19,2008,No
Egypt,ARB/08/18,2008,No
Gabon,ARB/08/17,2008,No
Ukraine,ARB/08/16,2008,No
"Venezuela, Bolivarian Republic of",ARB/08/15,2008,No
Argentina,ARB/08/14,2008,No
Turkey,ARB/08/13,2008,No
Kazakhstan,ARB/08/12,2008,Yes
Ukraine,ARB/08/11,2008,No
Ecuador,ARB/08/10,2008,Yes
Argentina,ARB/08/9,2008,No
Ukraine,ARB/08/8,2008,No
Georgia,ARB/08/7,2008,Yes
Ecuador,ARB/08/6,2008,Yes
Ecuador,ARB/08/5,2008,Yes
Ecuador,ARB/08/4,2008,Yes
"Venezuela, Bolivarian Republic of",ARB/08/3,2008,No
Costa Rica,ARB(AF)/08/1,2008,No
Jordan,ARB/08/2,2008,No
Costa Rica,ARB/08/1,2008,No
Canada,ARB(AF)/07/4,2007,Yes
Honduras,ARB/07/32,2007,No
Argentina,ARB/07/31,2007,No
"Venezuela, Bolivarian Republic of",ARB/07/30,2007,Yes
Paraguay,ARB/07/29,2007,No
"Bolivia, Plurinational State of",ARB/07/28,2007,No
"Venezuela, Bolivarian Republic of",ARB/07/27,2007,Yes
Argentina,ARB/07/26,2007,No
Jordan,ARB/07/25,2007,Yes
Ghana,ARB/07/24,2007,No
Lithuania,ARB/05/8,2005,No
Uzbekistan,ARB/06/20,2006,Yes
Nicaragua,ARB/06/14,2006,No
Estonia,ARB/06/6,2006,No
Malaysia,ARB/05/10,2005,No
Mexico,ARB(AF)/05/1,2005,No
Togo,CONC/05/1,2005,No
Turkey,ARB/04/21,2004,No
Argentina,ARB/04/20,2004,No
Argentina,ARB/04/18,2004,No
Slovenia,ARB/04/17,2004,No
Hungary,ARB/04/15,2004,No
Mongolia,ARB/04/10,2004,No
Chile,ARB/04/7,2004,No
Indonesia,ARB/04/3,2004,No
Ukraine,ARB/04/2,2004,No
Poland,ARB(AF)/04/2,2004,No
El Salvador,ARB/03/26,2003,No
Philippines,ARB/03/25,2003,No
Argentina,ARB/03/18,2003,No
Hungary,ARB/03/16,2003,No
Argentina,ARB/03/12,2003,No
Egypt,ARB/03/11,2003,Yes
Algeria,ARB/03/8,2003,No
Argentina,ARB/03/7,2003,No
Ecuador,ARB/03/6,2003,No
Peru,ARB/03/4,2003,No
Pakistan,ARB/03/3,2003,No
Saudi Arabia,ARB/03/1,2003,No
Niger,CONC/03/1,2003,Yes
Egypt,ARB/02/15,2002,No
Ukraine,ARB/02/18,2002,No
Seychelles,ARB/02/14,2002,No
Jordan,ARB/02/13,2002,No
Jordan,ARB/02/12,2002,No
Kazakhstan,ARB/02/11,2002,No
Ecuador,ARB/02/10,2002,No
Egypt,ARB/02/9,2002,No
United Arab Emirates,ARB/02/7,2002,No
Turkey,ARB/02/5,2002,No
Cameroon,ARB/02/4,2002,No
"Bolivia, Plurinational State of",ARB/02/3,2002,No
Pakistan,ARB/02/2,2002,No
Argentina,ARB/02/1,2002,Yes
Mexico,ARB(AF)/02/1,2002,No
Trinidad and Tobago,ARB/01/14,2001,Yes
Pakistan,ARB/01/13,2001,No
Romania,ARB/01/11,2001,No
Ecuador,ARB/01/10,2001,Yes
Guyana,ARB/01/9,2001,No
Chile,ARB/01/7,2001,No
Kazakhstan,ARB/01/6,2001,No
Mali,ARB/01/5,2001,Yes
Hungary,ARB/01/4,2001,No
United Arab Emirates,ARB/01/1,2001,No
Ukraine,ARB/00/9,2000,No
Congo,ARB/00/8,2000,Yes
Kenya,ARB/00/7,2000,No
Morocco,ARB/00/6,2000,No
"Venezuela, Bolivarian Republic of",ARB/00/5,2000,No
Morocco,ARB/00/4,2000,No
"Venezuela, Bolivarian Republic of",ARB/00/3,2000,No
Sri Lanka,ARB/00/2,2000,No
Georgia,ARB/00/1,2000,No
Mexico,ARB(AF)/00/3,2000,No
United States,ARB(AF)/00/1,2000,No
Honduras,ARB/99/8,1999,No
Congo,ARB/99/7,1999,No
Egypt,ARB/99/6,1999,No
Gambia,ARB/99/5,1999,No
Argentina,ARB/99/4,1999,No
Malaysia,ARB/99/3,1999,No
Estonia,ARB/99/2,1999,No
Argentina,ARB/99/1,1999,Yes
United States,ARB(AF)/99/2,1999,No
Mexico,ARB(AF)/99/1,1999,No
Tanzania,ARB/98/8,1998,No
Congo,ARB/98/7,1998,Yes
Peru,ARB/98/6,1998,Yes
Paraguay,ARB/98/5,1998,No
Egypt,ARB/98/4,1998,No
Liberia,ARB/98/3,1998,No
Argentina,ARB/98/1,1998,No
United States,ARB(AF)/98/3,1998,No
Mexico,ARB(AF)/98/2,1998,No
Ukraine,ARB(AF)/98/1,1998,No
Côte d'Ivoire,ARB/97/8,1997,No
Spain,ARB/97/7,1997,No
Argentina,ARB/97/6,1997,No
Grenada,ARB/97/5,1997,No
Slovakia,ARB/97/4,1997,No
Argentina,ARB/97/3,1997,No
Congo,ARB/97/2,1997,Yes
Burkina Faso,ARB/97/1,1997,Yes
Mexico,ARB(AF)/97/2,1997,No
Mexico,ARB(AF)/97/1,1997,No
"Venezuela, Bolivarian Republic of",ARB/96/3,1996,No
Papua New Guinea,ARB/96/2,1996,Yes
Costa Rica,ARB/96/1,1996,No
Burundi,ARB/95/3,1995,Yes
Saint Kitts and Nevis,ARB/95/2,1995,No
Albania,ARB/95/1,1995,No
Albania,ARB/94/2,1994,No
Madagascar,CONC/94/1,1994,No
Malaysia,ARB/94/1,1994,No
Congo,ARB/93/1,1993,No
Bangladesh,ARB/92/2,1992,Yes
Ghana,ARB/92/1,1992,Yes
Egypt,ARB/89/1,1989,No
Pakistan,ARB/87/4,1987,Yes
Sri Lanka,ARB/87/3,1987,No
New Zealand,ARB/87/2,1987,Yes
Gabon,ARB/87/1,1987,No
Tunisia,ARB/86/1,1986,No
Guinea,ARB/84/4,1984,Yes
Egypt,ARB/84/3,1984,No
South Korea,ARB/84/2,1984,No
Guinea,ARB/84/1,1984,No
Trinidad and Tobago,CONC/83/1,1983,Yes
Liberia,ARB/83/2,1983,No
Iceland,ARB/83/1,1983,Yes
Madagascar,CONC/82/1,1982,No
Senegal,ARB/82/1,1982,No
Cameroon,ARB/81/2,1981,No
Indonesia,ARB/81/1,1981,No
Nigeria,ARB/78/1,1978,Yes
Congo,ARB/77/2,1977,No
Congo,ARB/77/1,1977,Yes
France,ARB/76/1,1976,No
Jamaica,ARB/74/4,1974,Yes
Jamaica,ARB/74/3,1974,Yes
Jamaica,ARB/74/2,1974,Yes
Côte d'Ivoire,ARB/74/1,1974,No
Morocco,ARB/72/1,1972,No
Guatemala,ARB/07/23,2007,No
Central African Republic,CONC/07/1,2007,No
Hungary,ARB/07/22,2007,No
Albania,ARB/07/21,2007,No
Turkey,ARB/07/20,2007,No
Hungary,ARB/07/19,2007,No
Nigeria,ARB/07/18,2007,Yes
Argentina,ARB/07/17,2007,No
Ukraine,ARB/07/16,2007,No
Georgia,ARB/07/15,2007,Yes
Kazakhstan,ARB/07/14,2007,Yes
Romania,ARB/07/13,2007,No
Lebanon,ARB/07/12,2007,No
Bosnia and Herzegovina,ARB/07/11,2007,No
Central African Republic,ARB/07/10,2007,No
Paraguay,ARB/07/9,2007,No
Argentina,ARB/07/8,2007,No
Costa Rica,ARB(AF)/07/3,2007,No
Turkey,ARB(AF)/07/2,2007,No
Armenia,ARB/07/7,2007,Yes
Peru,ARB/07/6,2007,No
Argentina,ARB/07/5,2007,No
"Venezuela, Bolivarian Republic of",ARB/07/4,2007,Yes
Indonesia,ARB/07/3,2007,Yes
Central African Republic,ARB/07/2,2007,Yes
Azerbaijan,ARB/07/1,2007,Yes
South Africa,ARB(AF)/07/1,2007,Yes
Ecuador,ARB/06/21,2006,Yes
Panama,ARB/06/19,2006,No
Ukraine,ARB/06/18,2006,No
Turkey,ARB(AF)/06/2,2006,No
Ecuador,ARB/06/17,2006,Yes
Azerbaijan,ARB/06/16,2006,No
Azerbaijan,ARB/06/15,2006,Yes
Peru,ARB/06/13,2006,No
Congo,ARB/06/12,2006,No
Ecuador,ARB/06/11,2006,Yes
Bangladesh,ARB/06/10,2006,Yes
Slovakia,ARB/06/9,2006,No
Turkey,ARB/06/8,2006,No
Kyrgyzstan,ARB(AF)/06/1,2006,No
Togo,ARB/06/7,2006,No
Czechia,ARB/06/5,2006,No
"Venezuela, Bolivarian Republic of",ARB/06/4,2006,No
Romania,ARB/06/3,2006,Yes
"Bolivia, Plurinational State of",ARB/06/2,2006,Yes
Romania,ARB/06/1,2006,No
Slovenia,ARB/05/24,2005,No
Georgia,ARB/05/23,2005,No
"Tanzania, United Republic of",ARB/05/22,2005,No
Congo,ARB/05/21,2005,No
Romania,ARB/05/20,2005,No
Egypt,ARB/05/19,2005,No
Georgia,ARB/05/18,2005,Yes
Yemen,ARB/05/17,2005,No
Kazakhstan,ARB/05/16,2005,No
Mexico,ARB(AF)/05/2,2005,No
Egypt,ARB/05/15,2005,No
Grenada,ARB/05/14,2005,Yes
Romania,ARB/05/13,2005,No
Ecuador,ARB/05/12,2005,No
Argentina,ARB/05/11,2005,No
Ecuador,ARB/05/9,2005,No
Bangladesh,ARB/05/7,2005,Yes
Zimbabwe,ARB/05/6,2005,No
Argentina,ARB/05/5,2005,No
"Venezuela, Bolivarian Republic of",ARB/05/4,2005,No
Algeria,ARB/05/3,2005,No
Argentina,ARB/05/2,2005,No
Argentina,ARB/05/1,2005,No
"Venezuela, Bolivarian Republic of",ARB(AF)/04/6,2004,Yes
Ecuador,ARB/04/19,2004,No
Mexico,ARB(AF)/04/5,2004,No
Mexico,ARB(AF)/04/4,2004,No
Mexico,ARB(AF)/04/3,2004,No
Argentina,ARB/04/16,2004,Yes
Argentina,ARB/04/14,2004,Yes
Egypt,ARB/04/13,2004,No
Tunisia,ARB/04/12,2004,No
Congo,ARB/04/11,2004,Yes
Argentina,ARB/04/9,2004,No
Argentina,ARB/04/8,2004,No
Estonia,ARB/04/6,2004,No
Gabon,ARB/04/5,2004,No
Argentina,ARB/04/4,2004,No
Argentina,ARB/04/1,2004,Yes
Mexico,ARB(AF)/04/1,2004,No
Argentina,ARB/03/30,2003,No
Pakistan,ARB/03/29,2003,No
Peru,ARB/03/28,2003,No
Argentina,ARB/03/27,2003,No
Bulgaria,ARB/03/24,2003,Yes
Argentina,ARB/03/23,2003,No
Argentina,ARB/03/22,2003,No
Argentina,ARB/03/21,2003,No
Argentina,ARB/03/20,2003,No
Argentina,ARB/03/19,2003,No
Argentina,ARB/03/17,2003,No
Argentina,ARB/03/15,2003,No
Congo,ARB/03/14,2003,Yes
Argentina,ARB/03/13,2003,No
Argentina,ARB/03/10,2003,Yes
Argentina,ARB/03/9,2003,No
Argentina,ARB/03/5,2003,No
Argentina,ARB/03/2,2003,Yes
Argentina,ARB/02/17,2002,No
Argentina,ARB/02/16,2002,Yes
Argentina,ARB/02/8,2002,No
Philippines,ARB/02/6,2002,No
Argentina,ARB/01/12,2001,No
Argentina,ARB/01/8,2001,Yes
Argentina,ARB/01/3,2001,Yes
Burundi,ARB/01/2,2001,Yes
Chile,ARB/98/2,1998,No
Armenia,,2023,Yes
Netherlands,,2023,No
United States,,2023,No
"Venezuela, Bolivarian Republic of",,2023,No
Lithuania,,2023,No
Belize,,2023,No
Bosnia and Herzegovina,,2023,No
Viet Nam,,2023,No
Russian Federation,,2023,No
Myanmar,,2023,No
Australia,,2023,Yes
Australia,,2023,Yes
Ethiopia,,2022,No
Mexico,,2022,No
Peru,,2022,Yes
Azerbaijan,,2022,No
Panama,,2022,No
Mexico,,2022,Yes
India,,2022,No
"Venezuela, Bolivarian Republic of",,2022,No
Algeria,,2022,No
Czechia,,2022,No
Viet Nam,,2022,No
Viet Nam,,2022,No
Ecuador,,2022,Yes
Ethiopia,,2022,No
Ecuador,,2022,No
Equatorial Guinea,,2022,No
Albania,,2022,No
Ukraine,,2022,No
Iraq,,2022,No
"Tanzania, United Republic of",,2022,No
Colombia,,2022,No
"Tanzania, United Republic of",,2022,No
Canada,,2022,Yes
Egypt,,2021,Yes
Bahrain,,2021,No
"Korea, Republic of",,2021,No
India,,2021,Yes
Ghana,,2021,No
North Macedonia,,2021,No
Dominican Republic,,2021,No
Ecuador,,2021,No
Albania,,2021,No
"Venezuela, Bolivarian Republic of",,2021,No
Peru,,2021,No
"Venezuela, Bolivarian Republic of",,2021,No
Ukraine,,2021,No
China,,2021,No
Algeria,,2021,No
Latvia,,2021,No
France,,2021,Yes
Jordan,,2021,No
Finland,,2021,No
"Korea, Republic of",,2021,No
Peru,,2020,Yes
China,,2020,Yes
Montenegro,,2020,No
North Macedonia,,2020,Yes
"Bolivia, Plurinational State of",,2020,No
Kyrgyzstan,,2020,No
India,,2020,No
"Moldova, Republic of",,2020,No
Poland,,2020,No
India,,2020,No
Philippines,,2020,No
Libya,,2020,No
Mozambique,,2020,No
Poland,,2020,Yes
Bahrain,,2020,No
Egypt,,2020,No
Saudi Arabia,,2020,No
United Arab Emirates,,2020,No
Kyrgyzstan,,2020,No
Croatia,,2020,No
"Venezuela, Bolivarian Republic of",,2020,No
Japan,,2020,No
Romania,,2020,No
Romania,,2020,No
Ukraine,,2020,No
Dominican Republic,,2020,No
Canada,,2020,No
"Bolivia, Plurinational State of",,2020,No
Ecuador,,2019,No
Ethiopia,,2019,No
Kuwait,,2019,No
Türkiye,,2019,No
Dominican Republic,,2019,No
Azerbaijan,,2019,No
Panama,,2019,No
Philippines,,2019,Yes
Viet Nam,,2019,No
"Venezuela, Bolivarian Republic of",,2019,No
Egypt,,2019,No
Canada,,2019,No
"Venezuela, Bolivarian Republic of",,2019,No
Guatemala,,2019,No
Greece,,2019,No
Kyrgyzstan,,2019,No
India,,2019,No
Poland,,2019,No
European Union,,2019,No
Mexico,,2019,Yes
Georgia,,2019,No
Peru,,2019,No
Saudi Arabia,,2019,No
Georgia,,2019,Yes
Lithuania,,2019,No
Russian Federation,,2019,No
Ukraine,,2019,No
Canada,,2019,Yes
Ecuador,,2019,No
China,,2019,No
Egypt,,2018,No
Czechia,,2018,No
Mexico,,2018,No
Pakistan,,2018,No
"Tanzania, United Republic of",,2018,No
Saudi Arabia,,2018,No
Colombia,,2018,No
Kuwait,,2018,No
Mauritius,,2018,No
Russian Federation,,2018,No
Estonia,,2018,No
"Korea, Republic of",,2018,No
Poland,,2018,Yes
Czechia,,2018,No
Czechia,,2018,No
Libya,,2018,No
Libya,,2018,No
Ukraine,,2018,No
Georgia,,2018,No
Poland,,2018,No
Saudi Arabia,,2018,No
Croatia,,2018,No
Kuwait,,2018,No
Dominican Republic,,2018,No
Belarus,,2018,No
"Korea, Republic of",,2018,No
Mongolia,,2018,Yes
Gabon,,2018,Yes
Ukraine,,2018,No
"Bolivia, Plurinational State of",,2018,Yes
Mexico,,2018,No
Dominican Republic,,2018,No
Peru,,2018,Yes
Kyrgyzstan,,2018,No
Panama,,2018,No
"Korea, Republic of",,2018,No
"Korea, Republic of",,2018,No
Libya,,2018,No
"Tanzania, United Republic of",,2018,No
"Venezuela, Bolivarian Republic of",,2018,No
Libya,,2018,No
Albania,,2018,No
Spain,,2018,No
Kyrgyzstan,,2018,No
Canada,,2018,Yes
Nigeria,,2018,No
Uruguay,,2017,Yes
Bosnia and Herzegovina,,2017,No
Egypt,,2017,No
Poland,,2017,No
Australia,,2017,No
Bahrain,,2017,No
Oman,,2017,No
North Macedonia,,2017,Yes
Ukraine,,2017,No
India,,2017,No
Cuba,,2017,No
Viet Nam,,2017,No
Algeria,,2017,No
Czechia,,2017,No
Spain,,2017,No
Czechia,,2017,No
Honduras,,2017,No
Poland,,2017,No
Guatemala,,2017,No
Ethiopia,,2017,Yes
Georgia,,2017,No
Thailand,,2017,Yes
Egypt,,2017,No
Colombia,,2017,No
India,,2017,No
Poland,,2017,No
Mauritius,,2017,No
Chile,,2017,No
Egypt,,2017,No
Benin,,2017,No
Lao People's Democratic Republic,,2017,No
Mexico,,2017,No
Poland,,2017,No
China,,2017,No
North Macedonia,,2017,Yes
Canada,,2017,No
Spain,,2017,No
Libya,,2017,No
Libya,,2017,No
India,,2017,No
Czechia,,2016,No
Ecuador,,2016,No
India,,2016,No
Lesotho,,2016,Yes
Libya,,2016,No
Spain,,2016,Yes
Colombia,,2016,Yes
Libya,,2016,No
Poland,,2016,Yes
Montenegro,,2016,Yes
Spain,,2016,No
Libya,,2016,No
"Moldova, Republic of",,2016,No
"Bolivia, Plurinational State of",,2016,Yes
Kazakhstan,,2016,Yes
Peru,,2016,No
Spain,,2016,No
Syrian Arab Republic,,2016,No
Libya,,2016,No
"Venezuela, Bolivarian Republic of",,2016,No
Slovakia,,2016,No
Russian Federation,,2016,Yes
Mexico,,2016,No
Egypt,,2016,No
Libya,,2016,No
Russian Federation,,2016,No
Libya,,2016,No
Russian Federation,,2016,No
India,,2016,No
Dominican Republic,,2016,No
Russian Federation,,2016,No
Italy,,2016,No
Ukraine,,2016,Yes
India,,2016,Yes
Senegal,,2015,No
Russian Federation,,2015,No
Spain,,2015,No
Jordan,,2015,No
Czechia,,2015,No
Czechia,,2015,No
India,,2015,Yes
Italy,,2015,No
"Venezuela, Bolivarian Republic of",,2015,No
"Korea, Republic of",,2015,No
Russian Federation,,2015,No
Romania,,2015,No
Spain,,2015,No
"Venezuela, Bolivarian Republic of",,2015,No
Italy,,2015,No
Argentina,,2015,No
Indonesia,,2015,Yes
Ukraine,,2015,Yes
Gabon,,2015,No
Ukraine,,2015,Yes
Russian Federation,,2015,No
Ecuador,,2015,No
Kazakhstan,,2015,No
Poland,,2015,No
Montenegro,,2015,Yes
Poland,,2015,Yes
Spain,,2015,No
"Bolivia, Plurinational State of",,2015,No
Russian Federation,,2015,No
Russian Federation,,2015,Yes
Mauritius,,2015,No
Canada,,2015,No
Mexico,,2015,No
Spain,,2015,No
Russian Federation,,2015,No
Libya,,2015,No
Russian Federation,,2015,No
Libya,,2015,No
Czechia,,2015,No
Czechia,,2014,No
Cyprus,,2014,No
Czechia,,2014,No
Costa Rica,,2014,No
Dominican Republic,,2014,No
Mozambique,,2014,No
Viet Nam,,2014,No
Russian Federation,,2014,No
Poland,,2014,No
Czechia,,2014,No
Poland,,2014,No
Poland,,2014,No
"Bolivia, Plurinational State of",,2014,No
Latvia,,2014,No
India,,2014,No
Canada,,2014,No
Russian Federation,,2014,Yes
Libya,,2014,No
Poland,,2014,No
"Bolivia, Plurinational State of",,2014,No
Latvia,,2014,No
Cyprus,,2014,No
Poland,,2014,No
Viet Nam,,2014,No
"Moldova, Republic of",,2014,No
Türkiye,,2014,No
India,,2014,No
Czechia,,2014,No
Slovakia,,2013,No
Poland,,2013,No
Czechia,,2013,No
Costa Rica,,2013,No
Latvia,,2013,No
Albania,,2013,No
United States,,2013,No
Spain,,2013,No
Madagascar,,2013,No
India,,2013,No
Canada,,2013,No
Turkmenistan,,2013,No
Czechia,,2013,No
Peru,,2013,No
Czechia,,2013,No
Spain,,2013,No
Czechia,,2013,No
Poland,,2013,No
Mexico,,2013,No
India,,2013,No
Kyrgyzstan,,2013,No
Canada,,2013,Yes
Serbia,,2013,Yes
United States,,2013,No
Czechia,,2013,No
United States,,2013,No
Kyrgyzstan,,2013,No
Czechia,,2013,No
Viet Nam,,2013,No
Libya,,2013,No
Libya,,2013,No
"Bolivia, Plurinational State of",,2013,Yes
Kyrgyzstan,,2013,Yes
Serbia,,2013,No
Slovakia,,2013,No
"Venezuela, Bolivarian Republic of",,2013,Yes
Czechia,,2013,No
Canada,,2013,No
Kazakhstan,,2013,Yes
Russian Federation,,2013,Yes
Pakistan,,2012,No
"Moldova, Republic of",,2012,No
Spain,,2012,No
Indonesia,ARB/12/40,2012,Yes
India,,2012,No
Poland,,2012,No
"Venezuela, Bolivarian Republic of",,2012,No
Lithuania,,2012,No
Kyrgyzstan,,2012,No
Egypt,,2012,No
Kyrgyzstan,,2012,No
India,,2012,No
Algeria,,2012,No
Pakistan,,2012,No
Russian Federation,,2012,No
Lao People's Democratic Republic,,2012,No
Poland,,2012,No
"Moldova, Republic of",,2012,No
Lesotho,,2012,Yes
"Bolivia, Plurinational State of",,2011,No
Indonesia,,2011,No
Libya,,2011,No
Egypt,,2011,Yes
Kyrgyzstan,,2011,No
Kyrgyzstan,,2011,No
Ecuador,,2011,Yes
Canada,,2011,No
Viet Nam,,2011,No
Syrian Arab Republic,,2011,No
Libya,,2011,No
Mongolia,,2011,Yes
Ecuador,,2011,No
Canada,,2011,No
Ecuador,,2011,Yes
Uzbekistan,,2011,Yes
Australia,,2011,No
Peru,,2011,Yes
Canada,,2011,Yes
Spain,,2011,No
Ecuador,,2011,Yes
Canada,,2010,No
"Bolivia, Plurinational State of",,2010,No
Barbados,,2010,No
Mongolia,,2010,Yes
Lithuania,,2010,No
Turkmenistan,,2010,No
Belize,,2010,No
Belize,,2010,No
"Moldova, Republic of",,2010,No
Canada,,2010,No
"Bolivia, Plurinational State of",,2010,No
Viet Nam,,2010,No
"Bolivia, Plurinational State of",,2010,Yes
Ecuador,,2010,Yes
Bulgaria,,2010,No
Kazakhstan,,2010,Yes
India,,2010,Yes
United States,,2009,No
"Moldova, Republic of",,2009,No
United States,,2009,No
Canada,,2009,No
Russian Federation,,2009,No
Ecuador,,2009,Yes
Canada,,2009,No
Belize,,2009,No
Poland,,2009,No
Czechia,,2009,No
Hungary,,2009,No
"Bolivia, Plurinational State of",,2009,No
Slovakia,,2009,No
Kazakhstan,,2009,No
Ecuador,,2009,No
Argentina,,2009,No
Poland,,2009,No
Ecuador,,2009,No
Russian Federation,,2009,No
Czechia,,2009,No
Slovakia,,2008,No
"Bolivia, Plurinational State of",,2008,No
Tajikistan,,2008,Yes
Slovakia,,2008,No
United States,,2008,No
Slovakia,,2008,No
Canada,,2008,Yes
Czechia,,2008,No
Slovakia,,2008,No
Libya,,2008,No
Czechia,,2008,No
Georgia,,2008,No
Poland,,2008,Yes
Czechia,,2008,No
"Venezuela, Bolivarian Republic of",,2008,Yes
Czechia,,2008,No
Ukraine,,2008,No
Ukraine,,2008,Yes
Poland,,2008,Yes
"Iran, Islamic Republic of",,2008,No
Croatia,,2007,No
Ethiopia,,2007,No
Serbia,,2007,No
United States,,2007,No
Czechia,,2007,No
Canada,,2007,No
Czechia,,2007,No
Lithuania,,2007,No
Ukraine,,2007,No
Mongolia,,2007,Yes
Russian Federation,,2007,Yes
Dominican Republic,,2007,No
Dominican Republic,,2007,No
Armenia,,2007,No
Türkiye,,2006,No
Ecuador,,2006,Yes
Canada,,2006,No
Canada,,2006,No
Poland,,2006,No
Slovakia,,2006,No
Kyrgyzstan,,2006,Yes
Uzbekistan,,2006,No
United Kingdom,,2006,No
Poland,,2006,No
Ukraine,,2005,No
Czechia,,2005,No
"Moldova, Republic of",,2005,No
United States,,2005,No
Czechia,,2005,No
Russian Federation,,2005,Yes
Czechia,,2005,No
Czechia,,2005,No
Serbia,,2005,Yes
Czechia,,2005,No
Russian Federation,,2005,Yes
Argentina,,2005,No
Russian Federation,,2005,Yes
Thailand,,2005,No
Russian Federation,,2005,Yes
India,,2004,No
India,,2004,No
Russian Federation,,2004,No
India,,2004,No
"Moldova, Republic of",,2004,No
Poland,,2004,No
Canada,,2004,No
India,,2004,No
India,,2004,No
Czechia,,2004,No
India,,2004,No
United States,,2004,No
India,,2004,No
India,,2004,No
United States,,2004,No
United States,,2004,No
Viet Nam,,2004,No
Croatia,,2004,No
Argentina,,2003,No
India,,2003,No
Argentina,,2003,No
Saudi Arabia,ARB/03/01,2003,No
Ecuador,,2003,Yes
Poland,,2003,No
United States,,2003,Yes
Argentina,,2003,No
Panama,,2003,No
Kyrgyzstan,,2003,No
Tunisia,,2003,No
Ghana,,2003,No
United States,,2002,No
Canada,,2002,No
Lebanon,,2002,No
Mexico,,2002,No
Mexico,,2002,No
United States,,2002,No
Czechia,,2002,No
Ecuador,,2002,Yes
Romania,,2002,No
Mexico,,2002,No
Mexico,,2001,No
Kazakhstan,,2001,No
Poland,,2001,No
Latvia,,2001,No
Czechia,,2001,No
Czechia,,2000,No
Lebanon,,2000,No
Germany,,2000,No
Russian Federation,,2000,No
Canada,,2000,No
Czechia,,1999,No
"Moldova, Republic of",,1999,No
United States,,1999,No
Canada,,1999,No
Latvia,,1999,No
Uruguay,,1998,No
Canada,,1998,No
Poland,,1998,No
Mexico,,1997,No
Canada,,1997,No
Poland,,1996,No
Kazakhstan,,1996,Yes
Poland,,1996,No
Poland,,1996,No
Russian Federation,,1996,No
Poland,,1994,No
Ukraine,ARB/25/28 ,2025,No
Cyprus,ARB/25/45 ,2025,No
Mexico,ARB/25/17 ,2025,No
Bangladesh,ARB/25/52 ,2025,No
Mexico,ARB/25/32 ,2025,No
Colombia,ARB/25/16 ,2025,No
Italy,ARB/25/34 ,2025,No
Panama,ARB/25/39 ,2025,No
Mexico,ARB/25/49 ,2025,No
Uruguay,ARB/25/35 ,2025,No
Ghana,2025-21,2025,Yes
Myanmar,ARB(AF)/25/1 ,2025,Yes
Peru,ARB/25/14 ,2025,No
Chile,ARB/25/50 ,2025,No
Turkmenistan,ARB/25/40 ,2025,Yes
Colombia,ARB/25/5 ,2025,No
Mexico,ARB/25/7 ,2025,No
Colombia,ARB/25/53 ,2025,No
Honduras,,2025,No
Ukraine,ARB/25/10 ,2025,No
Ukraine,ARB/25/41 ,2025,Yes
Mexico,ARB/25/30 ,2025,Yes
Angola,ARB/25/21 ,2025,No
Panama,ARB/25/29 ,2025,No
Ecuador,ARB/25/46 ,2025,No
El Salvador,ARB/25/6 ,2025,No
Panama,ARB/25/18 ,2025,Yes
Costa Rica,ARB/25/33 ,2025,No
Venezuela, ARB(AF)/25/2 ,2025,Yes
Venezuela,ARB(AF)/25/6 ,2025,Yes
Algeria,ARB/25/11 ,2025,No
Costa Rica,ARB(AF)/25/3 ,2025,No
Uzbekistan,ARB/25/24 ,2025,No
Armenia,,2025,No
France,ARB/25/26 ,2025,No
Pakistan,,2025,No
Morocco,ARB/25/22 ,2025,Yes
Panama, ARB/25/20 ,2025,Yes
Belgium,ARB(AF)/25/5 ,2025,No
Colombia,ARB/25/4 ,2025,No
Paraguay,ARB/25/31 ,2025,No
Algeria,ARB/25/55 ,2025,No
Ukraine,ARB/25/47 ,2025,No
Honduras,ARB(AF)/25/4 ,2025,No
Tanzania,ARB/25/42 ,2025,Yes
Moldova,ARB/25/25 ,2025,No
Ukraine,ARB/25/3 ,2025,Yes
Montenegro,ARB/25/36 ,2025,Yes
Malaysia,ARB/25/27 ,2025,No
Kenya,ARB/25/54 ,2025,No
Comoros,ARB/25/15 ,2025,No
Kazakhstan,ARB/25/13 ,2025,Yes
United Kingdom,ARB/25/37 ,2025,Yes
Senegal,ARB/25/23 ,2025,Yes
Kazakhstan,,2025,Yes
Ukraine,ARB/24/1 ,2024,No
Uruguay,2025-39,2024,Yes
Russia,2025-02,2024,No
Mexico,ARB/24/23 ,2024,Yes
Tanzania,ARB/24/42 ,2024,No
Uruguay,ARB/24/11 ,2024,No
Mexico,ARB/24/49 ,2024,No
Mexico,ARB/24/21 ,2024,Yes
Belgium,ARB/24/15 ,2024,No
Spain,ARB/24/22 ,2024,Yes
Colombia,ARB/24/25 ,2024,Yes
Ukraine,ARB/24/35 ,2024,No
Honduras,ARB/24/24 ,2024,No
Turkey,ARB/24/46 ,2024,No
Mozambique,2025-10,2024,No
Romania,ARB/24/18 ,2024,No
Netherlands,ARB/24/44 ,2024,Yes
Russia,,2024,No
Russia,,2024,No
Panama,ARB/24/26 ,2024,Yes
Luxembourg,2025-42,2024,No
Mexico,ARB/24/5 ,2024,No
Rwanda,ARB/24/48 ,2024,No
Lithuania,2025-16,2024,No
India,2024-51,2024,Yes
Colombia,ARB/24/3 ,2024,No
Serbia,ARB/24/10 ,2024,No
Ethiopia,2024-44,2024,No
Spain,ARB/24/4 ,2024,No
Turkmenistan,ARB/24/13 ,2024,No
Angola,ARB/24/8 ,2024,No
Belarus,ARB/24/7 ,2024,No
Tunisia,ARB/24/52 ,2024,Yes
Croatia,ARB/24/19 ,2024,Yes
Poland,ARB(AF)/24/1 ,2024,No
Chile,ARB/24/30 ,2024,No
Uruguay,ARB/24/14 ,2024,No
Bulgaria,ARB/24/2 ,2024,No
Trinidad and Tobago,ARB/24/17 ,2024,No
Panama,ARB/24/27 ,2024,Yes
Panama,ARB/24/12 ,2024,Yes
Czechia,,2024,No
Canada,ARB/24/50 ,2024,Yes
Mozambique,ARB/24/4 ,2024,Yes
Burkina Faso,ARB/24/51 ,2024,Yes
Finland,ARB/24/38 ,2024,No
Honduras,ARB/24/32 ,2024,No
United Arab Emirates,ARB/24/16 ,2024,No
Hungary,ARB/24/6 ,2024,No
Finland,ARB/24/37 ,2024,No
Philippines,ARB/24/41 ,2024,No
Peru,ARB/24/53 ,2024,No
India,2024-43,2024,Yes
Canada,2025-09,2024,No
Armenia,ARB/24/20 ,2024,Yes
Poland,ARB(AF)/24/2 ,2024,No
Russia,,2024,Yes
Russia,2024-42,2024,Yes
Honduras,ARB/24/31 ,2024,No
Poland,,2024,Yes
Australia,2024-23,2024,Yes
Australia,2024-48,2024,No
Canada,2009-04,1970,No
Ecuador,2009-23,1970,No
Russian Federation,2015-07,2015,No
Russian Federation,2015-21,2015,No
South Korea,2018-51,2018,No
Peru,2019-46,2018,Yes
European Union,2020-07,2019,No
Libya,2020-09,2018,No
Ecuador,2020-19,2019,No
Oman,2020-53,2020,No
"Bolivia, Plurinational State of",2021-05,2020,No
Canada,2021-26,2020,No
China,2021-30,1970,No
Ecuador,2021-31,2021,No
"Venezuela, Bolivarian Republic of",2021-35,1970,No
India,2021-38,1970,No
Dominica,2022-01,2021,No
"Venezuela, Bolivarian Republic of",2022-02,1970,No
"Venezuela, Bolivarian Republic of",2022-03,1970,No
South Korea,2022-12,2021,No
France,2022-13,2021,Yes
India,2022-34,1970,No
Azerbaijan,2022-49,2022,No
Panama,2022-50,1970,No
United States,2023-03,2023,No
"Tanzania, United Republic of",2023-13,2022,No
Peru,2023-22,2022,No
"Venezuela, Bolivarian Republic of",2023-32,1970,No
Ecuador,2023-35,1970,No
Colombia,2023-37,2022,No
Ethiopia,2023-61,2022,No
Albania,2023-64,2023,No
Armenia,2023-66,1970,Yes
Australia,2023-67,2023,No
Qatar,2023-78,2022,No
Lithuania,2024-03,2023,No
Egypt,2024-46,2023,No
Guinea,2025-11,1970,Yes
Netherlands,2025-47,2025,No
Kazakhstan,2026-08,2025,Yes
