NO.,YEAR OF INITIATION,SHORT CASE NAME,FULL CASE NAME,APPLICABLE IIA,ARBITRAL RULES,ADMINISTERING INSTITUTION,STATUS/OUTCOME OF ORIGINAL PROCEEDINGS,RESPONDENT STATE,HOME STATE OF INVESTOR,ECONOMIC SECTOR,ECONOMIC SUBSECTOR,SUMMARY OF THE DISPUTE, DETAILS OF INVESTMENT,ARBITRATORS,DECISIONS,INDIVIDUAL OPINIONS DETAILS,AMOUNT CLAIMED (EXPRESSED IN MILLIONS),AMOUNT AWARDED (OR SETTLED FOR) (EXPRESSED IN MILLIONS),IIA BREACHES ALLEGED,IIA BREACHES FOUND,FOLLOW-ON PROCEEDING TYPE,FOLLOW-ON PROCEEDING STATUS,FOLLOW-ON DECISIONS,FOLLOW-ON INDIVIDUAL OPINIONS,ICSID ANNULMENT COMMITTEE MEMBERS,LINK TO ITALAW'S CASE PAGE,LINKS TO BACKGROUND SOURCES,CASE NO.,Summary,Notes,country_clean,country_iso3,extraction_method
37,2023,Klesch v. EU,Klesch Group Holdings Limited & others v. European Union (ICSID Case No. ARB(AF)/23/1),The Energy Charter Treaty (1994),ICSID AF (ICSID Additional Facility),ICSID (International Centre for Settlement of Investment Disputes),Pending,European Union,"Germany;
Denmark;
United Kingdom",Secondary - C - Manufacturing,19 - Manufacture of coke and refined petroleum products,,,Data not available,Data not available,Data not available,Data not available,Data not available,Data not available,Pending,,,,No follow-up proceedings initiated,,Not available,"https://icsid.worldbank.org/cases/case-database/case-detail?CaseNo=ARB(AF)/23/1;
https://globalarbitrationreview.com/article/investor-files-trio-of-claims-against-eu-denmark-and-germany;
https://www.iareporter.com/articles/refinery-group-lodges-trio-of-ect-cases-against-the-european-union-denmark-and-germany/",ARB(AF)/23/1,,,,,unmatched
314,2019,Nord Stream 2 v. EU,Nord Stream 2 AG v. European Union (PCA Case No. 2020-07),The Energy Charter Treaty (1994),UNCITRAL,PCA (Permanent Court of Arbitration),Pending,European Union,Switzerland,"Tertiary - H - Transportation and storage;
Tertiary - F - Construction","49 - Land transport and transport via pipelines;
42 - Civil engineering","Claims arising out of the EU’s actions related to the EU Gas Directive amendment of 2019 that impact new gas transmission lines to and from third countries and allegedly put the Nord Stream 2 gas pipeline project at a disadvantage, by treating it as ineligible for a derogation from the amended Directive that existing pipelines benefit from.","Investments in a pipeline project to transport gas from the Russian Federation to the German coast via the Baltic Sea, including contracts for the supply of pipes, long term gas transportation agreements and financing agreements with several lenders.","Ramírez Hernández, R. - President; Unterhalter, D. - Claimant; Sands, P. - Respondent",Data not available,Data not available,Data not available,Data not available,"Fair and equitable treatment/Minimum standard of treatment, including denial of justice claims;
Full protection and security, or similar;
Most-favoured nation treatment;
Arbitrary, unreasonable and/or discriminatory measures;
Other;
Indirect expropriation",Pending,,,,No follow-up proceedings initiated,,https://www.italaw.com/cases/8187,"https://ec.europa.eu/trade/policy/accessing-markets/dispute-settlement/investment-disputes/;
https://www.nord-stream2.com/en/download/document/284/;
https://data.consilium.europa.eu/doc/document/ST-11369-2019-INIT/en/pdf;
https://www.iisd.org/itn/2019/12/17/nord-stream-2-pipeline-spat-with-eu-evolves-into-ect-dispute/;
https://www.iareporter.com/articles/eu-succeeds-in-disqualifying-nord-stream-2s-nominated-arbitrator-in-high-stakes-energy-charter-treaty-arbitration/;
https://www.iareporter.com/articles/russian-backed-project-investor-nord-stream-2-files-arbitration-against-european-union-under-the-energy-charter-treaty/;
https://pca-cpa.org/en/cases/239/",,,,,,unmatched
1,2025,AEROC Investment v. Ukraine,,,,,Pending,Ukraine,,Secondary: C - Manufacturing ,23 - Manufacture of other non-metallic mineral products ,,,,Data not available,,,,,,,,Data not available,,,,,ARB/25/28 ,"Investment: Ownership of the local subsidiary Aeroc LLC, a manufacturer of autoclaved aerated concrete for use in construction.

Summary: Claims arising out of the Government’s nationalization of the claimant’s local subsidiary and its two concrete plants, following Ukraine’s imposition of sanctions on the LSR Group PJSC incorporated in the Russian Federation.",,,,
2,2025,Afik and others v. Cyprus,,,,,Pending,Cyprus,,Tertiary: F – Construction Tertiary: L - Real estate activities ,41 - Construction of buildings 68 - Real estate activities ,,,,Data not available,,,,,,,,Data not available,,,,,ARB/25/45 ,"Investment:

Summary:",,,,
3,2025,Air Liquide and Azerus v. Mexico,,,,,Pending,Mexico,,Secondary: C - Manufacturing ,20 - Manufacture of chemicals and chemical products ,,,,Data not available,,,,,,,,Data not available,,,,,ARB/25/17 ,"Investment: Ownership of a hydrogen production plant, located inside the Miguel Hidalgo Refinery in Tula de Allende, and a long-term agreement to supply hydrogen to state-owned oil company PEMEX for use in the petroleum refining process.

Summary: Claims arising out of the Government’s 2024 decree expropriating the claimants’ hydrogen production plant in favour of state-owned company Petróleos Mexicanos (PEMEX), after an earlier decree for temporary occupation ordering PEMEX to operate and maintain the plant.",,,,
4,2025,Alam and others v. Bangladesh,,,,,Pending,Bangladesh,,Tertiary: K - Financial and insurance activities ,"64 - Financial service activities, except insurance and pension funding ",,,,Data not available,,,,,,,,Data not available,,,,,ARB/25/52 ,"Investment:

Summary:",,,,
5,2025,Allianz v. Mexico,,,,,Pending,Mexico,,Tertiary: K - Financial and insurance activities ,"65 - Insurance, reinsurance and pension funding, except compulsory social security ",,,,Data not available,,,,,,,,Data not available,,,,,ARB/25/32 ,"Investment: Ownership (100 per cent) of the local subsidiary Allianz México S.A. Compañía de Seguros.

Summary:",,,,
6,2025,Amec Foster Wheeler and others v. Colombia (II),,,,,Pending,Colombia,,"Tertiary: M - Professional, scientific and technical activities ",71 - Architectural and engineering activities; technical testing and analysis ,,,,Data not available,,,,,,,,Data not available,,,,,ARB/25/16 ,"Investment:

Summary:",,,,
7,2025,ArcelorMittal v. Italy,,,,,Pending,Italy,,Secondary: C - Manufacturing ,24 - Manufacture of basic metals ,,,,Data not available,,,,,,,,Data not available,,,,,ARB/25/34 ,"Investment: Indirect shareholding in Acciaierie d’Italia SpA (ADI, formerly Ilva) as part of a joint venture between ArcelorMittal and state-owned company Invitalia.

Summary: Claims arising out of the Government’s placement into extraordinary administration of Acciaierie d’Italia, a steel production company, resulting in the claimant’s loss of control over the company as one of the two indirect shareholders.",,,,
8,2025,Argüello v. Panama,,,,,Pending,Panama,,Tertiary: F - Construction ,41 - Construction of buildings ,,,,Data not available,,,,,,,,Data not available,,,,,ARB/25/39 ,"Investment:

Summary:",,,,
9,2025,Aria Capital and Publio Administration v. Mexico,,,,,Pending,Mexico,,"Tertiary: D - Electricity, gas, steam and air conditioning supply ","35 - Electricity, gas, steam and air conditioning supply ",,,,Data not available,,,,,,,,Data not available,,,,,ARB/25/49 ,"Investment:

Summary:",,,,
10,2025,Asesores Financieros v. Uruguay,,,,,Pending,Uruguay,,Tertiary: F - Construction ,42 - Civil engineering ,,,,Data not available,,,,,,,,Data not available,,,,,ARB/25/35 ,"Investment: Indirect majority shareholding in the local company Consorcio Ruta Uno S.A., holding a concession contract for the construction of a highway and bridge over the Santa Lucía river and the operation of toll booths.

Summary: Claims arising out of the Government’s 2005 unilateral termination of a concession contract with Consorcio Ruta 1 for the construction and operation of a toll highway and bridge.",,,,
11,2025,BGHL v. Ghana,,,,,Pending,Ghana,,Primary: B - Mining and quarrying ,7 - Mining of metal ores ,,,,Data not available,,,,,,,,Data not available,,,,,,"Investment: Investment in the Bogoso Prestea mine, with mining leases held by local subsidiary Blue Gold Bogoso Prestea Ltd.

Summary: Claims arising out of the Minerals Commission’s 2024 notice of termination of mining leases for the Bogoso Prestea Mine, which the claimant’s subsidiary had acquired from the previous leaseholders. Following the notice of termination, an interim management committee formed by the Minerals Commission assumed managerial control of the mine site.",(PCA Case No. 2025-21) ,,,
12,2025,Bright Mountain v. Myanmar,,,,,Pending,Myanmar,,Primary: B - Mining and quarrying ,7 - Mining of metal ores ,,,,Data not available,,,,,,,,Data not available,,,,,ARB(AF)/25/1 ,"Investment: Mining concession under a joint venture agreement for the Bawdwin lead silver project, with the local subsidiary (Bright Mountain Resources Myanmar Co., Ltd.) holding a 51% stake.

Summary:",,,,
13,2025,Brookfield v. Peru,,,,,Pending,Peru,,Tertiary: F - Construction ,42 - Civil engineering ,,,,Data not available,,,,,,,,Data not available,,,,,ARB/25/14 ,"Investment: Shareholding in Rutas de Lima, which holds a highway concession and operates toll roads in Lima.

Summary: Claims arising out of court rulings that suspended the right of Rutas de Lima to collect fees at several toll stations, as well as other alleged arbitrary and abusive actions taken by public authorities against Rutas de Lima.",,,,
14,2025,Bupa v. Chile,,,,,Pending,Chile,,Tertiary: K - Financial and insurance activities ,"65 - Insurance, reinsurance and pension funding, except compulsory social security ",,,,Data not available,,,,,,,,Data not available,,,,,ARB/25/50 ,"Investment:

Summary:",,,,
15,2025,Buried Hill Serdar v. Turkmenistan,,,,,Pending,Turkmenistan,,Primary: B - Mining and quarrying ,6 - Extraction of crude petroleum and natural gas ,,,,Data not available,,,,,,,,Data not available,,,,,ARB/25/40 ,"Investment:

Summary:",,,,
16,2025,Centauro and Natanor v. Colombia,,,,,Pending,Colombia,,Tertiary: Q - Human health and social work activities ,86 - Human health activities ,,,,Data not available,,,,,,,,Data not available,,,,,ARB/25/5 ,"Investment: Indirect shareholding in EPS Sanitas, through Keralty S.A.S.

Summary: Claims arising out of the Government’s intervention and temporary takeover of EPS Sanitas in April 2024.",,,,
17,2025,Draslovka Holding v. Mexico,,,,,Pending,Mexico,,Secondary: C - Manufacturing ,20 - Manufacture of chemicals and chemical products ,,,,Data not available,,,,,,,,Data not available,,,,,ARB/25/7 ,"Investment: Ownership of a chemical production plant project for sodium cyanide (Laguna project) in the Municipality Gómez Palacio.

Summary: Claims arising out of the Government’s alleged actions and omissions concerning the occupation of the claimant’s construction site by local community groups, preventing the access needed to resume construction activities for the chemical production plant or recover equipment. According to the claimant, local authorities failed to enforce court orders requiring the site’s vacation.",,,,
18,2025,EDP v. Colombia,,,,,Pending,Colombia,,"Tertiary: D - Electricity, gas, steam and air conditioning supply ","35 - Electricity, gas, steam and air conditioning supply ",,,,Data not available,,,,,,,,Data not available,,,,,ARB/25/53 ,"Investment:

Summary:",,,,
19,2025,EMCO v. Honduras,,,,,Pending,Honduras,,"Tertiary: F – Construction
Tertiary: H - Transportation and storage ","41 - Construction of buildings
52 - Warehousing and support activities for transportation ",,,,Data not available,,,,,,,,Data not available,,,,,,"Investment: Concession contract for the construction and operation of the Palmerola International Airport.

Summary: Claims arising out of the Government’s alleged interference with the claimant’s operation of the Palmerola International Airport, and other alleged actions harming companies affiliated with the claimant.",,,,
20,2025,EMIS v. Ukraine,,,,,Pending,Ukraine,,Tertiary: K - Financial and insurance activities ,"64 - Financial service activities, except insurance and pension funding ",,,,Data not available,,,,,,,,Data not available,,,,,ARB/25/10 ,"Investment:

Summary: Claims arising out of the Government’s alleged unlawful expropriation of Sense Bank (formerly Alfa-Bank).",,,,
21,2025,Enwell Energy v. Ukraine,,,,,Pending,Ukraine,,Primary: B - Mining and quarrying ,6 - Extraction of crude petroleum and natural gas ,,,,Data not available,,,,,,,,Data not available,,,,,ARB/25/41 ,"Investment:

Summary:",,,,
22,2025,Estate of Ian Colin Orr-Ewing and others v. Mexico,,,,,Pending,Mexico,,Primary: B - Mining and quarrying ,7 - Mining of metal ores ,,,,Data not available,,,,,,,,Data not available,,,,,ARB/25/30 ,"Investment:

Summary:",,,,
23,2025,ETA Star v. Angola,,,,,Pending,Angola,,"Tertiary: F – Construction
Secondary: C - Manufacturing ","42 - Civil engineering
23 - Manufacture of other non-metallic mineral products ",,,,Data not available,,,,,,,,Data not available,,,,,ARB/25/21 ,"Investment:

Summary:",,,,
24,2025,FCC Construcción v. Panama,,,,,Pending,Panama,,Tertiary: F - Construction ,42 - Civil engineering ,,,,Data not available,,,,,,,,Data not available,,,,,ARB/25/29 ,"Investment:

Summary:",,,,
25,2025,Ferrer v. Ecuador,,,,,Pending,Ecuador,,Secondary: C - Manufacturing ,21 - Manufacture of basic pharmaceutical products and pharmaceutical preparations ,,,,Data not available,,,,,,,,Data not available,,,,,ARB/25/46 ,"Investment:

Summary:",,,,
26,2025,Fibranet v. El Salvador,,,,,Settled,El Salvador,,Tertiary: J - Information and communication ,61 - Telecommunications ,,,,Order taking note of the discontinuance of the proceeding dated 1 December 2025,,,,,,,,Data not available,,,,,ARB/25/6 ,"Investment: Broadcasting concession held by local subsidiary Cablefrecuencias S.A. de C.V., including subscription-based television channels.

Summary: Claims arising out of a resolution issued by the regulatory authority for telecommunications (SIGET) to retroactively cancel the automatic renewal mechanism of a telecommunications concession held by the claimant’s local subsidiary, Cablefrecuencias. According to the claimant, the regulator also refused to expand Cablefrecuencias’ concession to mobile services and thereby interfered with its 4G mobile network project.",,,,
27,2025,First Quantum v. Panama,,,,,Pending,Panama,,Primary: B - Mining and quarrying ,7 - Mining of metal ores ,,,,Data not available,,,,,,,,Data not available,,,,,ARB/25/18 ,"Investment: Majority shareholding (90%) in Minera Panamá S.A., the operator of the Cobre Panamá copper mine.

Summary: Claims arising out of a November 2023 ruling of the Supreme Court of Justice of Panama declaring unconstitutional Law 406, which had approved a revised concession contract for the Cobre Panamá mine, resulting in the suspension of operations at Cobre Panamá.",,,,
28,2025,Gestion Bayonne and 9048-4957 Québec v. Costa Rica,,,,,Pending,Costa Rica,,"Tertiary: E - Water supply; sewerage, waste management and remediation activities ","38 - Waste collection, treatment and disposal activities; materials recovery ",,,,Data not available,,,,,,,,Data not available,,,,,ARB/25/33 ,"Investment: Investment in Empresas Berthier EBI de Costa Rica S.A. (EBI de Costa Rica), a local subsidiary of Canada-based EBI Environment.

Summary: Claims arising out of local authorities’ alleged refusal to grant construction permits for landfills planned by EBI de Costa Rica, a waste management company in which the claimants have invested.",,,,
29,2025,Gold Reserve v. Venezuela (II),,,,,Pending,Venezuela,,Primary: B - Mining and quarrying ,7 - Mining of metal ores ,,,,Data not available,,,,,,,,Data not available,,,,, ARB(AF)/25/2 ,"Investment: Exploration and exploitation rights for gold, copper and other minerals held by a mixed company (Empresa Mixta Ecosocialista Siembra Minera, S.A.), with a 45% shareholding by Gold Reserve (GR Mining’s holding company) and 55% by a state-owned company (Corporación Venezolana de Minería, S.A.).

Summary: Claims arising out of the Government’s revocation of a joint company’s mining rights for the “Siembra Minera” project, in which the claimant held a minority stake, due to alleged lack of progress.",,,,
30,2025,Halliburton v. Venezuela,,,,,Pending,Venezuela,,Primary: B - Mining and quarrying ,9 - Mining support service activities ,,,,Data not available,,,,,,,,Data not available,,,,,ARB(AF)/25/6 ,"Investment:

Summary:",,,,
31,2025,HBH v. Algeria,,,,,Pending,Algeria,,Tertiary: F - Construction ,42 - Civil engineering ,,,,Data not available,,,,,,,,Data not available,,,,,ARB/25/11 ,"Investment:

Summary:",,,,
32,2025,Hernandez Contreras v. Costa Rica (III),,,,,Pending,Costa Rica,,Tertiary: J - Information and communication ,61 - Telecommunications ,,,,Data not available,,,,,,,,Data not available,,,,,ARB(AF)/25/3 ,"Investment: Majority shareholding in V-NET, a company holding a public contract for the distribution of telecommunication products.

Summary: Claims arising out of the decision by the national electricity and telecommunications provider, Instituto Costarricense de Electricidad, not to renew a contract for the distribution of mobile phone products concluded with the claimant’s local telecommunications company, V-NET. According to the claimant, the contract was arbitrarily transferred to a competitor of V-NET.",,,,
33,2025,Humans Mobile v. Uzbekistan,,,,,Pending,Uzbekistan,,"Tertiary: K - Financial and insurance activities
Tertiary: J - Information and communication ","64 - Financial service activities, except insurance and pension funding
61 - Telecommunications ",,,,Data not available,,,,,,,,Data not available,,,,,ARB/25/24 ,"Investment: Ownership of a local digital services company, Humans, providing virtual mobile communication and digital payment services.

Summary: Claims arising out of alleged unlawful actions taken by the Central Bank of Uzbekistan and the state-owned telecommunications operator Uzbektelecom disrupting the operations of the claimant’s digital services company.",,,,
34,2025,Karapetyan and others v. Armenia,,,,,Pending,Armenia,,"Tertiary: D - Electricity, gas, steam and air conditioning supply ","35 - Electricity, gas, steam and air conditioning supply ",,,,Data not available,,,,,,,,Data not available,,,,,,"Investment: Ownership of Electric Networks of Armenia CJSC (“ENA”).

Summary: Claims arising out of the Government’s alleged actions to expropriate ENA, an electric energy distributor owned by the claimants, as well as legal proceedings initiated against Samvel Karapetyan and his placement under pre-trial detention.",,,,
35,2025,Karapetyan v. France,,,,,Pending,France,,Tertiary: L - Real estate activities ,68 - Real estate activities ,,,,Data not available,,,,,,,,Data not available,,,,,ARB/25/26 ,"Investment: Investments in real estate assets.

Summary: Claims arising out of public authorities’ seizure of the claimant’s properties, including a villa on the Côte d’Azur, related to criminal investigations.",,,,
36,2025,Karim-Ud-Din v. Pakistan,,,,,Pending,Pakistan,,"Tertiary: D - Electricity, gas, steam and air conditioning supply ","35 - Electricity, gas, steam and air conditioning supply ",,,,Data not available,,,,,,,,Data not available,,,,,,"Investment:

Summary:",,,,
37,2025,Khemisset. v. Morocco,,,,,Pending,Morocco,,Primary: B - Mining and quarrying ,8 - Other mining and quarrying ,,,,Data not available,,,,,,,,Data not available,,,,,ARB/25/22 ,"Investment: Investments in the development of a potash mine, the Khemisset potash project, located in Northern Morocco.

Summary: Claims arising out of Government authorities’ rejection of the environmental impact assessment and environmental licence for the development of the claimant’s Khemisset potash mining project.",,,,
38,2025,KOMIR v. Panama,,,,,Pending,Panama,,Primary: B - Mining and quarrying ,7 - Mining of metal ores ,,,,Data not available,,,,,,,,Data not available,,,,, ARB/25/20 ,"Investment: Minority shareholding (10%) in Minera Panamá S.A., the operator of the Cobre Panamá copper mine.

Summary: Claims arising out of a November 2023 ruling of the Supreme Court of Justice of Panama declaring unconstitutional Law 406, which had approved a revised concession contract for the Cobre Panamá mine, resulting in the suspension of operations at Cobre Panamá.",,,,
39,2025,Libyan Arab Foreign Investment Company v. Belgium (II),,,,,Discontinued,Belgium,,Tertiary: K - Financial and insurance activities ,"64 - Financial service activities, except insurance and pension funding ",,,,Order taking note of the discontinuance of the proceeding dated 27 June 2025,,,,,,,,Data not available,,,,,ARB(AF)/25/5 ,"Investment:

Summary:",,,,
40,2025,Maritime Archaeology v. Colombia,,,,,Pending,Colombia,,"Tertiary: M - Professional, scientific and technical activities ",72 - Scientific research and development ,,,,Data not available,,,,,,,,Data not available,,,,,ARB/25/4 ,"Investment: Investment in maritime exploration activities related to the submerged cultural heritage project “San José”.

Summary: Claims arising out of the Government’s conduct related to the discovery of the “San José” shipwreck (Galeón San José), declaring it an asset of national cultural interest in 2020.",,,,
41,2025,Mota-Engil v. Paraguay,,,,,Pending,Paraguay,,Tertiary: F - Construction ,42 - Civil engineering ,,,,Data not available,,,,,,,,Data not available,,,,,ARB/25/31 ,"Investment: Concession contract held by Mota-Engil Ingeniería y Construcción S.A. - Sucursal Paraguay (Mota-Engil) for the construction of a bus rapid transit system, known as the “Metrobús” project.

Summary: Claims arising out of the partial set-aside by the Court of Appeal of Asunción of a contract-based arbitration award rendered in favour of the claimant’s Paraguay branch in a dispute with the Ministry of Public Works and Communications related to the Metrobus construction project.",,,,
42,2025,Nimba Investment and others v. Guinea,,,,,Pending,Guinea,,"Primary: B - Mining and quarrying 
Secondary: C - Manufacturing ","7 - Mining of metal ores
24 - Manufacture of basic metals ",,,,Data not available,,,,,,,,Data not available,,,,,ARB/25/56,"Investment:

Summary:",,,,
43,2025,Noor v. Algeria,,,,,Pending,Algeria,,Secondary: C - Manufacturing ,23 - Manufacture of other non-metallic mineral products ,,,,Data not available,,,,,,,,Data not available,,,,,ARB/25/55 ,"Investment:

Summary:",,,,
44,2025,Optim v. Ukraine,,,,,Pending,Ukraine,,Tertiary: G - Wholesale and retail trade; repair of motor vehicles and motorcycles ,"46 - Wholesale trade, except of motor vehicles and motorcycles ",,,,Data not available,,,,,,,,Data not available,,,,,ARB/25/47 ,"Investment:

Summary:",,,,
45,2025,Overseas Real Estate v. Honduras,,,,,Pending,Honduras,,"Tertiary: F – Construction
Tertiary: L - Real estate activities ","41 - Construction of buildings
68 - Real estate activities ",,,,Data not available,,,,,,,,Data not available,,,,,ARB(AF)/25/4 ,"Investment: Investments in the construction of real estate projects within “ZEDE Morazán”, a special zone for employment and economic development (ZEDE) in the municipality of Choloma.

Summary: Claims arising out of the Government’s actions to repeal the legal framework for special economic zones known as “ZEDE”, allegedly interfering with the claimant’s real estate projects in the ZEDE Morazán.",,,,
46,2025,PanAfrican Energy Corporation v. Tanzania,,,,,Pending,Tanzania,,Primary: B - Mining and quarrying ,6 - Extraction of crude petroleum and natural gas ,,,,Data not available,,,,,,,,Data not available,,,,,ARB/25/42 ,"Investment:

Summary:",,,,
47,2025,Park Avenue Capital v. Moldova,,,,,Pending,Moldova,,Tertiary: J - Information and communication ,63 - Information service activities ,,,,Data not available,,,,,,,,Data not available,,,,,ARB/25/25 ,"Investment: Marketing contract with MoldData, the national registrar of the “.md” Internet domain, granting exclusive rights to register and market sub-domain names in English and Spanish-speaking countries.

Summary: Claims arising out of a public agency's decision not to renew a 20-year marketing contract that the predecessor agency MoldData had signed with the claimant for sub-domain names using "".md"", and the subsequent termination of the claimant’s access to the registration of such sub-domains.",,,,
48,2025,Smart Energy and Ukrgazvydobutok v. Ukraine,,,,,Pending,Ukraine,,Primary: B - Mining and quarrying ,6 - Extraction of crude petroleum and natural gas ,,,,Data not available,,,,,,,,Data not available,,,,,ARB/25/3 ,"Investment:

Summary:",,,,
49,2025,Tara Resources v. Montenegro,,,,,Pending,Montenegro,,Primary: B - Mining and quarrying ,7 - Mining of metal ores ,,,,Data not available,,,,,,,,Data not available,,,,,ARB/25/36 ,"Investment:

Summary:",,,,
50,2025,Tjandranegara v. Malaysia,,,,,Pending,Malaysia,,"Tertiary: F – Construction
Tertiary: L - Real estate activities ","41 - Construction of buildings
68 - Real estate activities ",,,,Data not available,,,,,,,,Data not available,,,,,ARB/25/27 ,"Investment:

Summary: Claims arising out of the Ministry of Finance’s alleged actions to obtain full ownership over the “Exchange 106” tower, through a takeover of Mulia Group’s 49% shareholding in the joint venture for the construction and development of the project.",,,,
51,2025,Travizory v. Kenya,,,,,Pending,Kenya,,Tertiary: J - Information and communication ,"62 - Computer programming, consultancy and related activities ",,,,Data not available,,,,,,,,Data not available,,,,,ARB/25/54 ,"Investment:

Summary:",,,,
52,2025,United Operations v. Comoros,,,,,Discontinued,Comoros,,Tertiary: F - Construction ,41 - Construction of buildings ,,,,Order taking note of the discontinuance of the proceeding dated 5 November 2025,,,,,,,,Data not available,,,,,ARB/25/15 ,"Investment:

Summary:",,,,
53,2025,Victoria Oil & Gas and others v. Kazakhstan,,,,,Pending,Kazakhstan,,Primary: B - Mining and quarrying ,6 - Extraction of crude petroleum and natural gas ,,,,Data not available,,,,,,,,Data not available,,,,,ARB/25/13 ,"Investment: Exploration and development licence for the Kemerkol oilfield in the Atyrau region, held by local subsidiary Victoria Energy Central Asia LLP.

Summary: Claims arising out of alleged Government actions and court decisions resulting in the invalidation of the claimants’ 2005 acquisition of a licence for the Kemerkol oilfield, and the forced suspension of oil production at the Kemerkol field in 2008. According to the claimants, their licence was withdrawn without compensation and transferred to another entity.",,,,
54,2025,Woodhouse Investment and West Cumbria Mining v. United Kingdom,,,,,Pending,United Kingdom,,Primary: B - Mining and quarrying ,5 - Mining of coal and lignite ,,,,Data not available,,,,,,,,Data not available,,,,,ARB/25/37 ,"Investment:

Summary:",,,,
55,2025,Woodside v. Senegal,,,,,Pending,Senegal,,Primary: B - Mining and quarrying ,6 - Extraction of crude petroleum and natural gas ,,,,Data not available,,,,,,,,Data not available,,,,,ARB/25/23 ,"Investment: Majority shareholding (82%) in the Sangomar offshore oil project.

Summary: Claims arising out of tax authorities’ assessment of about $75 million in taxes allegedly due on the Sangomar offshore oil project in which the claimant holds a majority stake.",,,,
56,2025,WWM v. Kazakhstan (II),,,,,Pending,Kazakhstan,,Primary: B - Mining and quarrying ,7 - Mining of metal ores ,,,,Data not available,,,,,,,,Data not available,,,,,,"Investment: Rights under a contract concluded with the Government to operate one of Kazakhstan's largest uranium-processing facilities.

Summary: Claims arising out of the Government's alleged failure to observe its contractual obligations, including the granting of an export license to WWM to market Kazakh uranium internationally, which allegedly led WWM to suspend operations at its Kazakh facility and resulted in the bankruptcy, confiscation and forced sale of its local assets.",,,,
57,2024,ABH v. Ukraine,,,,,Pending,Ukraine,,Tertiary: K - Financial and insurance activities ,"64 - Financial service activities, except insurance and pension funding ",,,,Decision on Bifurcation dated 12 May 2025,,,,,,,,Data not available,,,,,ARB/24/1 ,"Investment: Ownership (100%) of JSC “Alfa-Bank” (renamed JSC “Sense Bank”) in Ukraine as a direct shareholding (57.6%) and an indirect shareholding (42.4%) through a wholly-owned Cypriot subsidiary.

Summary: Claims arising out of the Government’s alleged unlawful expropriation of the claimant’s bank.",,,,
58,2024,Agarwal and Mehta v. Uruguay (II),,,,,Pending,Uruguay,,Primary: B - Mining and quarrying ,7 - Mining of metal ores ,,,,Data not available,,,,,,,,Data not available,,,,,,"Investment: Investments in the Valentines iron ore project through Minera Aratirí that held several prospecting and exploration permits, granting it an exclusive right to obtain the exploitation concession for the Valentines project.

Summary: Claims arising out of allegedly arbitrary and non-transparent conduct of the Government in relation to the claimants’ investments in the Valentines iron ore project, including repeated regulatory changes with respect to the port terminal (which had to be built as part of the project), ultimately leading to the project’s shutdown.",(PCA Case No. 2025-39) ,,,
59,2024,Akhmetov v. Russia (II),,,,,Pending,Russia,,Data not available ,Data not available ,,,,Data not available,,,,,,,,Data not available,,,,,,"Investment:

Summary:",(PCA Case No. 2025-02) ,,,
60,2024,Almaden and Almadex v. Mexico,,,,,Pending,Mexico,,Primary: B - Mining and quarrying ,7 - Mining of metal ores ,,,,Order on the Respondent’s Request for Bifurcation dated 25 July 2025,,,,,,,,Data not available,,,,,ARB/24/23 ,"Investment: Mineral concessions for the Ixtaca gold and silver mining project.

Summary: Claims arising out of the Government’s alleged actions blocking the development of the Ixtaca mining project and the retroactive termination of the claimants’ mineral concessions.",,,,
61,2024,Aqua Power and Catalysis v. Tanzania,,,,,Pending,Tanzania,,"Tertiary: D - Electricity, gas, steam and air conditioning supply ","35 - Electricity, gas, steam and air conditioning supply ",,,,Data not available,,,,,,,,Data not available,,,,,ARB/24/42 ,"Investment:

Summary:",,,,
62,2024,ATCO v. Uruguay,,,,,Pending,Uruguay,,Tertiary: H - Transportation and storage ,52 - Warehousing and support activities for transportation ,,,,Data not available,,,,,,,,Data not available,,,,,ARB/24/11 ,"Investment: Indirect shareholding in Montecon S.A., an operator of public docks in the Port of Montevideo, via Neltume Ports S.A. (40% interest).

Summary:",,,,
63,2024,AXA v. Mexico,,,,,Pending,Mexico,,Tertiary: K - Financial and insurance activities ,"65 - Insurance, reinsurance and pension funding, except compulsory social security ",,,,Data not available,,,,,,,,Data not available,,,,,ARB/24/49 ,"Investment:

Summary:",,,,
64,2024,Bacanora Lithium and others v. Mexico,,,,,Pending,Mexico,,Primary: B - Mining and quarrying ,7 - Mining of metal ores ,,,,Data not available,,,,,,,,Data not available,,,,,ARB/24/21 ,"Investment: Interests in the Sonora lithium project and related mining concessions.

Summary:",,,,
65,2024,Ben Ferha v. Belgium,,,,,Pending,Belgium,,"Tertiary: R - Arts, entertainment and recreation ",93 - Sports activities and amusement and recreation activities ,,,,Data not available,,,,,,,,Data not available,,,,,ARB/24/15 ,"Investment: Investment in a local football club.

Summary:",,,,
66,2024,Berkeley Exploration v. Spain,,,,,Pending,Spain,,Primary: B - Mining and quarrying ,7 - Mining of metal ores ,,,,Data not available,,,,,,,,Data not available,,,,,ARB/24/22 ,"Investment: Exploitation concession held by Berkeley Minera España SA for the Retortillo uranium deposits in the Salamanca province.

Summary: Claims arising out of the Government’s alleged refusal to authorize the construction of a uranium concentrate plant requested by the claimant’s local subsidiary, Berkeley Minera España SA, for the uranium mining site in Retortillo as part of the claimant’s “Salamanca project”.",,,,
67,2024,Continental Gold v. Colombia,,,,,Pending,Colombia,,Primary: B - Mining and quarrying ,7 - Mining of metal ores ,,,,Data not available,,,,,,,,Data not available,,,,,ARB/24/25 ,"Investment: Ownership (100%) of the Buriticá gold mining project in Antioquia.

Summary:",,,,
68,2024,CTF v. Ukraine,,,,,Pending,Ukraine,,Secondary: C - Manufacturing ,11 - Manufacture of beverages ,,,,Data not available,,,,,,,,Data not available,,,,,ARB/24/35 ,"Investment:

Summary:",,,,
69,2024,EDEMSA v. Honduras,,,,,Pending,Honduras,,"Tertiary: D - Electricity, gas, steam and air conditioning supply ","35 - Electricity, gas, steam and air conditioning supply ",,,,Data not available,,,,,,,,Data not available,,,,,ARB/24/24 ,"Investment: Investment in electric power distribution services.

Summary:",,,,
70,2024,ENCORE v. Türkiye,,,,,Pending,Turkey,,"Tertiary: D - Electricity, gas, steam and air conditioning supply ","35 - Electricity, gas, steam and air conditioning supply ",,,,Decision on the Respondent’s Rule 41 Application dated 7 October 2025,,,,,,,,Data not available,,,,,ARB/24/46 ,"Investment: Indirect minority shareholding in hydroelectric power plant “Muradiye”.

Summary: Claims arising out of the Government’s alleged expropriation of the claimant’s investment through the confiscation of shares in a hydroelectric power plant indirectly held by the claimant.",,,,
71,2024,ETC v. Mozambique,,,,,Pending,Mozambique,,Tertiary: G - Wholesale and retail trade; repair of motor vehicles and motorcycles ,"46 - Wholesale trade, except of motor vehicles and motorcycles ",,,,Data not available,,,,,,,,Data not available,,,,,,"Investment: Investment in a trading business of agricultural products.

Summary: Claims arising out of the Government’s alleged actions facilitating the wrongful seizure of the claimant’s stocked products by a local company as well as interference with the claimant’s right to export goods.",(PCA Case No. 2025-10) ,,,
72,2024,Eurohold and Euroins v. Romania,,,,,Pending,Romania,,Tertiary: K - Financial and insurance activities ,"65 - Insurance, reinsurance and pension funding, except compulsory social security ",,,,Decision on the Respondent’s Rule 41 and Rule 48 Objections dated 30 September 2025,,,,,,,,Data not available,,,,,ARB/24/18 ,"Investment: Investment in an insurance company, Euroins Romania Asiguarare-Reasigurare S.A. (“Euroins Romania”).

Summary: Claims arising out of alleged illegal actions of Government authorities to revoke the licence of the claimants’ local subsidiary, Euroins Romania, and to initiate insolvency proceedings against this insurance company.",,,,
73,2024,ExxonMobil v. Netherlands,,,,,Pending,Netherlands,,Primary: B - Mining and quarrying ,6 - Extraction of crude petroleum and natural gas ,,,,Data not available,,,,,,,,Data not available,,,,,ARB/24/44 ,"Investment:

Summary:",,,,
74,2024,Fortum v. Russia (I),,,,,Pending,Russia,,"Tertiary: D - Electricity, gas, steam and air conditioning supply ","35 - Electricity, gas, steam and air conditioning supply ",,,,Data not available,,,,,,,,Data not available,,,,,,"Investment: Indirect shareholding in local subsidiary PAO Fortum (later renamed to “Forward Energo”), including ownership of several power plants and shares in joint ventures.

Summary: Claims arising out of the Government’s alleged unlawful expropriation of the claimant’s assets following Presidential decree No. 302 of 2023.",,,,
75,2024,Fortum v. Russia (II),,,,,Pending,Russia,,"Tertiary: D - Electricity, gas, steam and air conditioning supply ","35 - Electricity, gas, steam and air conditioning supply ",,,,Data not available,,,,,,,,Data not available,,,,,,"Investment:

Summary:",,,,
76,2024,Franco-Nevada v. Panama,,,,,Pending,Panama,,Primary: B - Mining and quarrying ,7 - Mining of metal ores ,,,,Data not available,,,,,,,,Data not available,,,,,ARB/24/26 ,"Investment: Investment in the development of the Cobre Panamá mine, including contributions to the capital costs of the project.

Summary: Claims arising out of a November 2023 ruling of the Supreme Court of Justice of Panama declaring unconstitutional Law 406, which had approved a revised concession contract for the Cobre Panamá mine. According to the claimant, the Supreme Court ruling led to the continued suspension of commercial operations at the Cobre Panamá mine and the halt of precious metal stream deliveries to the claimant, which were due under a stream agreement for gold and silver production from the mine concluded by the claimant with the concession holders.",,,,
77,2024,Fridman v. Luxembourg,,,,,Pending,Luxembourg,,,,,,,Data not available,,,,,,,,Data not available,,,,,,"Investment:

Summary: Claims arising out of the Government’s decision to freeze the claimant’s assets following the European Union’s imposition of sanctions on the claimant.",(PCA Case No. 2025-42) ,,,
78,2024,FRV v. Mexico,,,,,Pending,Mexico,,"Tertiary: D - Electricity, gas, steam and air conditioning supply ","35 - Electricity, gas, steam and air conditioning supply ",,,,Decision on Bifurcation dated 14 April 2025,,,,,,,,Data not available,,,,,ARB/24/5 ,"Investment: Investment in a renewable energy generation enterprise.

Summary:",,,,
79,2024,Goetz and Aldabra v. Rwanda,,,,,Pending,Rwanda,,Secondary: C - Manufacturing ,24 - Manufacture of basic metals ,,,,Data not available,,,,,,,,Data not available,,,,,ARB/24/48 ,"Investment:

Summary:",,,,
80,2024,Hasenberg v. Lithuania,,,,,Pending,Lithuania,,Tertiary: H - Transportation and storage ,49 - Land transport and transport via pipelines ,,,,Data not available,,,,,,,,Data not available,,,,,,"Investment:

Summary:",(PCA Case No. 2025-16) ,,,
81,2024,Indo Gold v. India,,,,,Pending,India,,Primary: B - Mining and quarrying ,7 - Mining of metal ores ,,,,Data not available,,,,,,,,Data not available,,,,,,"Investment: Investment in the Bhukia gold mining project in Rajasthan through wholly-owned local subsidiary Metal Mining Pvt Ltd.

Summary: Claims arising out of local authorities’ rejection of the prospecting licence application made by Metal Mining Pvt Ltd for the Bhukia mining project.",(PCA Case No. 2024-51) ,,,
82,2024,InfraRed v. Colombia,,,,,Pending,Colombia,,Tertiary: F - Construction ,42 - Civil engineering ,,,,Data not available,,,,,,,,Data not available,,,,,ARB/24/3 ,"Investment: Investment in a highway construction project.

Summary:",,,,
83,2024,Kent Kart v. Serbia,,,,,Pending,Serbia,,Tertiary: H - Transportation and storage ,52 - Warehousing and support activities for transportation ,,,,Data not available,,,,,,,,Data not available,,,,,ARB/24/10 ,"Investment: Contract with a municipal authority for transportation fare collection services in Belgrade.

Summary: Claims arising out of a municipal authority’s alleged wrongful termination of a contract with the claimants for the operation and maintenance of public transport ticket services under a public-private partnership agreement.",,,,
84,2024,Kiper and Aydemir v. Ethiopia,,,,,Pending,Ethiopia,,Tertiary: P - Education ,85 - Education ,,,,Data not available,,,,,,,,Data not available,,,,,,"Investment:

Summary:",(PCA Case No. 2024-44) ,,,
85,2024,Kiram Fornan and others v. Spain,,,,,Decided in favour of State,Spain,,Data not available ,Data not available ,,,,"Award dated 6 November 2025 (English)

Award dated 6 November 2025 (Spanish)",,,,,,,,Data not available,,,,,ARB/24/4 ,"Investment:

Summary: Claims arising out of Spanish authorities’ alleged interference with the claimants’ pursuit of arbitration proceedings against Malaysia relating to a dispute known as the Sultan of Sulu case.",,,,
86,2024,Lotus v. Turkmenistan (II),,,,,Pending,Turkmenistan,,Tertiary: F - Construction ,42 - Civil engineering ,,,,Data not available,,,,,,,,Data not available,,,,,ARB/24/13 ,"Investment:

Summary:",,,,
87,2024,Machado v. Angola,,,,,Pending,Angola,,Tertiary: F - Construction ,42 - Civil engineering ,,,,Decision on the Respondent’s Rule 41 Objection dated 29 May 2025,,,,,,,,Data not available,,,,,ARB/24/8 ,"Investment: Ownership of local company Aenergy S.A., holding 13 contracts with public entities for the supply and installation of equipment for power plants.

Summary: Claims arising out of the Government’s unilateral termination of contracts signed with the claimant’s company Aenergy and the alleged seizure of four turbines owned by Aenergy.",,,,
88,2024,Mashad v. Belarus,,,,,Pending,Belarus,,"Tertiary: D - Electricity, gas, steam and air conditioning supply ","35 - Electricity, gas, steam and air conditioning supply ",,,,Data not available,,,,,,,,Data not available,,,,,ARB/24/7 ,"Investment: Investment in a solar power plant project via an indirect shareholding in locally incorporated company “Solar Land”.

Summary: Claims arising out of the Government’s alleged interference with a solar power plant project operated by locally incorporated company “Solar Land”, which allegedly resulted in the shutdown of the project and the bankruptcy of ""Solar Land"" in which the claimant holds indirect stakes. According to the claimant, the solar power plant was constructed and operated based on an investment agreement concluded by the claimant’s companies with public authorities.",,,,
89,2024,Minerali Industriali v. Tunisia,,,,,Pending,Tunisia,,Primary: B - Mining and quarrying ,8 - Other mining and quarrying ,,,,Data not available,,,,,,,,Data not available,,,,,ARB/24/52 ,"Investment:

Summary:",,,,
90,2024,MOL v. Croatia (II),,,,,Pending,Croatia,,"Primary: B - Mining and quarrying 
Tertiary: D - Electricity, gas, steam and air conditioning supply ","6 - Extraction of crude petroleum and natural gas
35 - Electricity, gas, steam and air conditioning supply ",,,,Data not available,,,,,,,,Data not available,,,,,ARB/24/19 ,"Investment: Shareholding (49 per cent) in INA-Industrija nafte d.d., an oil and gas company.

Summary:",,,,
91,2024,Mondi v. Poland,,,,,Pending,Poland,,"Tertiary: D - Electricity, gas, steam and air conditioning supply ","35 - Electricity, gas, steam and air conditioning supply ",,,,Data not available,,,,,,,,Data not available,,,,,ARB(AF)/24/1 ,"Investment: Investment in a renewable energy generation project.

Summary:",,,,
92,2024,NC Telecom and WOM v. Chile,,,,,Settled,Chile,,Tertiary: J - Information and communication ,61 - Telecommunications ,,,,Award embodying the parties’ settlement agreement dated 25 November 2025,,,,,,,,Data not available,,,,,ARB/24/30 ,"Investment: Telecommunications concession held by WOM S.A. for the roll-out of 5G infrastructure.

Summary:",,,,
93,2024,Neltume Ports v. Uruguay,,,,,Pending,Uruguay,,Tertiary: H - Transportation and storage ,52 - Warehousing and support activities for transportation ,,,,Data not available,,,,,,,,Data not available,,,,,ARB/24/14 ,"Investment: Ownership of Montecon S.A., an operator of public docks at the Port of Montevideo.

Summary:",,,,
94,2024,Nexo and others v. Bulgaria,,,,,Pending,Bulgaria,,Tertiary: K - Financial and insurance activities ,"64 - Financial service activities, except insurance and pension funding ",,,,Data not available,,,,,,,,Data not available,,,,,ARB/24/2 ,"Investment: Investment in a services and exchange platform for digital assets, including cryptocurrency.

Summary: Claims arising out of pre-trial criminal investigations initiated by the Sofia City Prosecutor's Office related to the claimants’ financial operations, allegedly causing reputational damage and harming the claimants’ business; the investigations have been terminated without the finding of a crime or evidence of money laundering.",,,,
95,2024,NiQuan Energy v. Trinidad and Tobago,,,,,Pending,Trinidad and Tobago,,Secondary: C - Manufacturing ,19 - Manufacture of coke and refined petroleum products ,,,,Data not available,,,,,,,,Data not available,,,,,ARB/24/17 ,"Investment:

Summary:",,,,
96,2024,Orla Mining v. Panama,,,,,Pending,Panama,,Primary: B - Mining and quarrying ,7 - Mining of metal ores ,,,,Data not available,,,,,,,,Data not available,,,,,ARB/24/27 ,"Investment: Mining concessions held through local subsidiary Minera Cerro Quema S.A. for the Cerro Quema Project, a gold and copper deposit located in the Los Santos Province in southwestern Panama.

Summary: Claims arising out of the Government’s cancellation of mining concessions held by the claimant’s subsidiary for the Cerro Quema Project, which includes a pre-feasibility-stage, open-pit, heap leach gold project as well as a copper-gold sulphide resource.",,,,
97,2024,Petaquilla Minerals v. Panama,,,,,Pending,Panama,,Primary: B - Mining and quarrying ,7 - Mining of metal ores ,,,,Data not available,,,,,,,,Data not available,,,,,ARB/24/12 ,"Investment: Ownership of local subsidiary, Petaquilla Gold S.A., holding a concession for the Molejón gold mine.

Summary: Claims arising out of the Government’s 2015 cancellation of the gold mining concession for the Molejón project held by the claimant’s local subsidiary.",,,,
98,2024,Qucomhaps and others v. Czechia,,,,,Pending,Czechia,,Secondary: C - Manufacturing ,30 - Manufacture of other transport equipment ,,,,Data not available,,,,,,,,Data not available,,,,,,"Investment:

Summary: Claims arising out of the Government’s alleged interference with the claimants’ business project, including actions of law enforcement authorities, insolvency courts and the insolvency administrator.",,,,
99,2024,Riversdale and Hancock v. Canada,,,,,Pending,Canada,,Primary: B - Mining and quarrying ,5 - Mining of coal and lignite ,,,,Data not available,,,,,,,,Data not available,,,,,ARB/24/50 ,"Investment:

Summary:",,,,
100,2024,Rome Resources and IM v. Mozambique,,,,,Settled,Mozambique,,Primary: B - Mining and quarrying ,7 - Mining of metal ores ,,,,Award embodying the parties’ settlement agreement dated 30 April 2025,,,,,,,,Data not available,,,,,ARB/24/4 ,"Investment: Shareholding (99,99%) in local subsidiary Companhia Mineira de Nabúri SA with mining concessions for the Naburi and Moebase mineral sands deposits.

Summary: Claims arising out of the Government’s alleged actions and omissions relating to the disputed transfer of mining concession 4623C from the claimants’ wholly-owned local subsidiary to another company without the claimants’ consent.",,,,
101,2024,Sarama v. Burkina Faso,,,,,Pending,Burkina Faso,,Primary: B - Mining and quarrying ,7 - Mining of metal ores ,,,,Data not available,,,,,,,,Data not available,,,,,ARB/24/51 ,"Investment:

Summary:",,,,
102,2024,Sauna UK BidCo v. Finland,,,,,Pending,Finland,,"Tertiary: D - Electricity, gas, steam and air conditioning supply ","35 - Electricity, gas, steam and air conditioning supply ",,,,Data not available,,,,,,,,Data not available,,,,,ARB/24/38 ,"Investment:

Summary:",,,,
103,2024,Silhy Zacarías v. Honduras,,,,,Pending,Honduras,,"Tertiary: D - Electricity, gas, steam and air conditioning supply ","35 - Electricity, gas, steam and air conditioning supply ",,,,Data not available,,,,,,,,Data not available,,,,,ARB/24/32 ,"Investment: Investment in a renewable energy generation enterprise.

Summary:",,,,
104,2024,Spentech Engineering v. United Arab Emirates,,,,,Decided in favour of State,United Arab Emirates,,Tertiary: F - Construction ,41 - Construction of buildings ,,,,Award dated 28 July 2025,,,,,,,,,,,,,ARB/24/16 ,"Investment: Contracts for several construction projects signed with the Embassy of the United Arab Emirates in Mogadishu, including army barracks and a hospital.

Summary: Claims arising out of alleged misconduct by government officials related to construction contracts between the claimant and the Embassy of the United Arab Emirates in Mogadishu.",,,,
105,2024,Stratius v. Hungary,,,,,Pending,Hungary,,"Tertiary: D - Electricity, gas, steam and air conditioning supply ","35 - Electricity, gas, steam and air conditioning supply ",,,,Data not available,,,,,,,,Data not available,,,,,ARB/24/6 ,"Investment:

Summary:",,,,
106,2024,Suomi Power and others v. Finland,,,,,Pending,Finland,,"Tertiary: D - Electricity, gas, steam and air conditioning supply ","35 - Electricity, gas, steam and air conditioning supply ",,,,Data not available,,,,,,,,Data not available,,,,,ARB/24/37 ,"Investment:

Summary:",,,,
107,2024,TMA Australia others v. Philippines,,,,,Pending,Philippines,,Secondary: C - Manufacturing ,17 - Manufacture of paper and paper products,,,,Data not available,,,,,,,,Data not available,,,,,ARB/24/41 ,"Investment:

Summary:",,,,
108,2024,Unión de Cervecerías and others v. Peru,,,,,Pending,Peru,,Secondary: C - Manufacturing ,11 - Manufacture of beverages ,,,,Data not available,,,,,,,,Data not available,,,,,ARB/24/53 ,"Investment:

Summary:",,,,
109,2024,Vedanta v. India (II),,,,,Pending,India,,Primary: B - Mining and quarrying ,7 - Mining of metal ores ,,,,Data not available,,,,,,,,Data not available,,,,,,"Investment:

Summary:",(PCA Case No. 2024-43) ,,,
110,2024,Volga-Dnepr Airlines v. Canada,,,,,Pending,Canada,,Tertiary: H - Transportation and storage ,51 - Air transport ,,,,Order on Bifurcation dated 9 August 2025,,,,,,,,Data not available,,,,,,"Investment: Investment in an air transportation business for cargo delivery.

Summary: Claims arising out of Government authorities’ alleged illegal seizure of the claimant’s aircraft and other government measures imposed on the claimant in the context of sanctions against the Russian Federation, allegedly expropriating the claimant’s business.",(PCA Case No. 2025-09) ,,,
111,2024,Walnort Finance v. Armenia,,,,,Pending,Armenia,,Primary: B - Mining and quarrying ,7 - Mining of metal ores ,,,,Data not available,,,,,,,,Data not available,,,,,ARB/24/20 ,"Investment: Minority interest in Zangezur Copper and Molybdenum Combine (“ZCMC”), a mining company.

Summary: Claims arising out of the Government’s alleged actions to prevent the claimant from exercising shareholder rights in mining company ZCMC.",,,,
112,2024,Warburg and others v. Poland,,,,,Pending,Poland,,Tertiary: G - Wholesale and retail trade; repair of motor vehicles and motorcycles ,"47 - Retail trade, except of motor vehicles and motorcycles ",,,,Data not available,,,,,,,,Data not available,,,,,ARB(AF)/24/2 ,"Investment: Investment in the Gemini Group of pharmaceutical companies in Poland, including retail operations and franchise.

Summary:",,,,
113,2024,Wintershall v. Russia (I),,,,,Pending,Russia,,Primary: B - Mining and quarrying ,6 - Extraction of crude petroleum and natural gas ,,,,Data not available,,,,,,,,Data not available,,,,,,"Investment:

Summary:",,,,
114,2024,Wintershall v. Russia (II),,,,,Pending,Russia,,Primary: B - Mining and quarrying ,6 - Extraction of crude petroleum and natural gas ,,,,Data not available,,,,,,,,Data not available,,,,,,"Investment:

Summary:",(PCA Case No. 2024-42) ,,,
115,2024,X-Elio v. Honduras,,,,,Pending,Honduras,,"Tertiary: D - Electricity, gas, steam and air conditioning supply ","35 - Electricity, gas, steam and air conditioning supply ",,,,Data not available,,,,,,,,Data not available,,,,,ARB/24/31 ,"Investment: Investment in a renewable energy generation enterprise.

Summary:",,,,
116,2024,Yaw v. Poland,,,,,Pending,Poland,,Primary: B - Mining and quarrying ,5 - Mining of coal and lignite ,,,,Data not available,,,,,,,,Data not available,,,,,,"Investment: Investment in a coal mining project through a shareholding in Balamara Resources Limited.

Summary:",,,,
117,2024,Zeph v. Australia (III),,,,,Pending,Australia,,Primary: B - Mining and quarrying ,5 - Mining of coal and lignite ,,,,Data not available,,,,,,,,Data not available,,,,,,"Investment: Investment in the Galilee Coal Project.

Summary: Claims arising out of a Queensland Land Court recommendation and subsequent decisions of the Queensland Government to refuse an application by Waratah Coal for a mining lease and environmental authority for activities in Queensland’s Galilee Basin.",(PCA Case No. 2024-23) ,,,
118,2024,Zeph v. Australia (IV),,,,,Pending,Australia,,"Tertiary: D - Electricity, gas, steam and air conditioning supply ","35 - Electricity, gas, steam and air conditioning supply ",,,,Data not available,,,,,,,,Data not available,,,,,,"Investment: Investment in the Jericho Power Station project.

Summary: Claims arising out of decisions of the Queensland Government to refuse environmental authority and development approval for a proposed coal-fired power plant as part of Waratah Coal’s Galilee Coal Project.",(PCA Case No. 2024-48) ,,,
